tasks_completed,average_score,average_teacher_score,average_model_score,time_spent,avg_attempts,late_submissions,efficiency_per_minute,correct_ratio,teacher_model_gap,late_ratio,final_efficiency_score
7,0.54,0.51,1.0,446,1.37,3,0.00121,0.3942,0.49,0.4286,7.17
20,0.42,0.71,0.91,817,1.61,1,0.00051,0.2609,0.2,0.05,9.34
15,0.72,0.66,0.68,296,1.62,0,0.00243,0.4444,0.02,0.0,9.76
11,0.78,0.76,0.54,675,1.79,0,0.00116,0.4358,0.22,0.0,9.32
8,0.75,0.89,0.78,578,1.89,1,0.0013,0.3968,0.11,0.125,8.32
7,0.55,0.43,0.69,342,1.38,0,0.00161,0.3986,0.26,0.0,8.83
19,0.8,0.7,0.93,60,1.0,1,0.01333,0.8,0.23,0.0526,10.0
11,0.63,0.52,0.38,790,1.0,1,0.0008,0.63,0.14,0.0909,8.33
11,0.61,0.74,1.0,523,2.21,2,0.00117,0.276,0.26,0.1818,8.73
4,0.63,0.62,0.78,289,2.04,3,0.00218,0.3088,0.16,0.75,7.94
8,0.71,0.65,0.58,231,1.95,0,0.00307,0.3641,0.07,0.0,7.76
3,0.55,0.5,0.81,146,2.07,1,0.00377,0.2657,0.31,0.3333,6.97
2,0.7,0.6,0.89,612,1.39,1,0.00114,0.5036,0.29,0.5,7.12
12,0.74,0.66,0.72,182,1.06,0,0.00407,0.6981,0.06,0.0,9.82
6,0.81,0.81,0.44,902,1.0,0,0.0009,0.81,0.37,0.0,9.17
2,0.72,0.55,0.66,357,1.0,0,0.00202,0.72,0.11,0.0,8.45
1,0.57,0.58,0.86,944,2.35,2,0.0006,0.2426,0.28,2.0,6.39
12,0.71,0.76,0.77,988,1.15,1,0.00072,0.6174,0.01,0.0833,8.71
12,0.59,0.55,0.68,749,2.24,1,0.00079,0.2634,0.13,0.0833,8.09
17,0.59,0.79,0.9,634,1.37,4,0.00093,0.4307,0.11,0.2353,9.39
10,0.56,0.65,0.81,543,1.03,3,0.00103,0.5437,0.16,0.3,8.0
16,0.51,0.69,0.82,224,1.0,0,0.00228,0.51,0.13,0.0,9.89
15,0.64,0.69,0.64,758,1.09,1,0.00084,0.5872,0.05,0.0667,8.74
15,0.81,0.58,0.62,442,2.49,1,0.00183,0.3253,0.04,0.0667,8.79
19,0.93,0.7,0.45,268,1.0,1,0.00347,0.93,0.25,0.0526,10.0
12,0.64,0.56,0.66,798,2.98,0,0.0008,0.2148,0.1,0.0,7.63
20,0.81,0.59,0.84,491,1.0,2,0.00165,0.81,0.25,0.1,9.86
3,0.66,0.72,0.67,448,2.02,1,0.00147,0.3267,0.05,0.3333,7.47
5,0.53,0.69,0.77,619,1.4,1,0.00086,0.3786,0.08,0.2,8.16
19,0.77,0.64,0.87,283,1.28,1,0.00272,0.6016,0.23,0.0526,9.58
7,0.72,0.5,0.76,62,1.0,1,0.01161,0.72,0.26,0.1429,8.49
9,0.88,0.53,0.77,431,1.43,1,0.00204,0.6154,0.24,0.1111,8.93
7,0.55,0.68,0.5,746,1.0,0,0.00074,0.55,0.18,0.0,7.96
18,0.98,0.74,0.65,505,1.0,1,0.00194,0.98,0.09,0.0556,10.0
4,0.86,0.52,0.96,670,1.58,0,0.00128,0.5443,0.44,0.0,8.38
14,0.7,0.55,0.72,175,1.06,1,0.004,0.6604,0.17,0.0714,9.03
18,0.67,0.67,0.98,329,2.68,0,0.00204,0.25,0.31,0.0,8.9
9,0.63,0.66,0.59,506,2.2,4,0.00125,0.2864,0.07,0.4444,7.64
2,0.71,0.46,0.74,427,2.69,0,0.00166,0.2639,0.28,0.0,7.34
20,0.68,0.67,0.64,312,1.02,3,0.00218,0.6667,0.03,0.15,9.06
15,0.75,0.58,0.79,376,1.6,0,0.00199,0.4688,0.21,0.0,9.95
7,0.67,0.85,0.83,474,1.0,3,0.00141,0.67,0.02,0.4286,8.76
12,0.84,0.68,0.79,154,1.3,0,0.00545,0.6462,0.11,0.0,9.99
8,0.71,0.7,0.86,844,1.57,0,0.00084,0.4522,0.16,0.0,8.9
15,0.67,0.7,0.7,951,1.61,1,0.0007,0.4161,0.0,0.0667,8.87
3,0.8,0.5,0.67,83,1.47,0,0.00964,0.5442,0.17,0.0,8.39
14,0.54,0.88,0.44,687,1.55,1,0.00079,0.3484,0.44,0.0714,8.18
17,0.73,0.46,0.8,722,1.0,1,0.00101,0.73,0.34,0.0588,10.0
4,0.7,0.75,0.73,909,1.68,4,0.00077,0.4167,0.02,1.0,6.79
18,0.56,0.72,0.69,109,1.84,0,0.00514,0.3043,0.03,0.0,9.95
8,0.53,0.59,0.67,561,2.44,0,0.00094,0.2172,0.08,0.0,7.61
4,0.8,0.73,0.69,777,1.76,2,0.00103,0.4545,0.04,0.5,8.11
2,0.8,0.61,0.66,557,1.41,1,0.00144,0.5674,0.05,0.5,8.46
6,0.72,0.57,0.62,394,2.27,2,0.00183,0.3172,0.05,0.3333,7.06
10,0.87,0.71,0.74,138,1.0,1,0.0063,0.87,0.03,0.1,10.0
4,0.74,0.53,0.77,641,1.14,1,0.00115,0.6491,0.24,0.25,7.25
18,0.82,0.62,0.58,86,1.0,0,0.00953,0.82,0.04,0.0,10.0
12,0.74,0.58,0.64,330,1.48,1,0.00224,0.5,0.06,0.0833,8.46
2,0.67,0.61,0.67,621,1.0,1,0.00108,0.67,0.06,0.5,7.66
10,0.59,0.7,0.7,863,2.42,0,0.00068,0.2438,0.0,0.0,8.18
4,0.64,0.58,0.68,306,1.33,2,0.00209,0.4812,0.1,0.5,7.78
14,0.67,0.63,0.8,835,1.72,0,0.0008,0.3895,0.17,0.0,9.52
16,0.84,0.59,0.45,650,1.66,2,0.00129,0.506,0.14,0.125,8.83
15,0.78,0.82,0.48,446,2.38,0,0.00175,0.3277,0.34,0.0,8.61
8,0.73,0.69,0.73,761,1.0,0,0.00096,0.73,0.04,0.0,9.6
14,0.79,0.68,0.61,618,1.58,1,0.00128,0.5,0.07,0.0714,9.23
8,0.75,0.73,0.83,420,2.3,0,0.00179,0.3261,0.1,0.0,9.07
16,0.73,0.58,0.88,925,1.43,2,0.00079,0.5105,0.3,0.125,9.47
13,0.55,0.75,0.74,547,1.0,1,0.00101,0.55,0.01,0.0769,9.28
18,0.81,0.69,0.54,411,1.08,0,0.00197,0.75,0.15,0.0,9.88
15,0.65,0.46,0.86,760,1.22,0,0.00086,0.5328,0.4,0.0,9.1
13,0.81,0.48,0.73,987,1.0,1,0.00082,0.81,0.25,0.0769,9.21
9,0.82,0.58,0.48,315,1.39,2,0.0026,0.5899,0.1,0.2222,8.12
15,0.63,0.49,0.49,281,2.56,1,0.00224,0.2461,0.0,0.0667,7.95
13,0.79,0.62,0.93,943,1.08,3,0.00084,0.7315,0.31,0.2308,9.45
1,0.66,0.53,0.9,812,1.16,1,0.00081,0.569,0.37,1.0,7.9
7,0.66,0.64,0.32,840,1.82,1,0.00079,0.3626,0.32,0.1429,7.35
9,0.73,0.82,0.5,60,1.38,0,0.01217,0.529,0.32,0.0,8.94
1,0.73,0.64,0.87,605,1.0,1,0.00121,0.73,0.23,1.0,8.26
12,0.7,0.61,0.7,505,1.46,0,0.00139,0.4795,0.09,0.0,8.79
8,0.57,0.7,0.81,138,1.43,1,0.00413,0.3986,0.11,0.125,7.74
11,0.69,0.57,0.69,295,2.18,1,0.00234,0.3165,0.12,0.0909,7.88
19,0.93,0.75,0.8,393,1.0,0,0.00237,0.93,0.05,0.0,10.0
17,0.42,0.71,0.7,948,2.19,0,0.00044,0.1918,0.01,0.0,8.43
8,0.79,0.65,0.63,408,1.43,2,0.00194,0.5524,0.02,0.25,8.32
3,0.81,0.67,0.86,157,1.0,1,0.00516,0.81,0.19,0.3333,9.14
3,0.56,0.9,0.73,141,1.0,2,0.00397,0.56,0.17,0.6667,8.32
1,0.65,0.76,0.8,561,2.85,0,0.00116,0.2281,0.04,0.0,7.04
5,0.6,0.91,0.72,536,1.39,2,0.00112,0.4317,0.19,0.4,8.48
10,0.89,0.71,0.63,986,2.16,2,0.0009,0.412,0.08,0.2,8.84
7,0.81,0.47,0.94,763,1.0,0,0.00106,0.81,0.47,0.0,8.85
9,0.82,0.62,0.75,824,3.35,0,0.001,0.2448,0.13,0.0,7.71
7,0.71,0.45,0.65,980,2.13,1,0.00072,0.3333,0.2,0.1429,8.03
9,0.83,0.71,0.89,609,1.32,1,0.00136,0.6288,0.18,0.1111,9.34
8,0.7,0.74,0.5,73,1.29,1,0.00959,0.5426,0.24,0.125,7.52
12,0.84,0.54,1.0,451,2.01,1,0.00186,0.4179,0.46,0.0833,8.38
2,0.69,0.57,0.67,406,1.97,2,0.0017,0.3503,0.1,1.0,6.98
1,0.63,0.67,0.51,369,1.63,2,0.00171,0.3865,0.16,2.0,6.46
16,0.88,0.51,0.99,445,1.51,1,0.00198,0.5828,0.48,0.0625,9.57
5,0.7,0.5,0.63,268,1.89,0,0.00261,0.3704,0.13,0.0,7.88
3,0.61,0.8,0.74,416,1.0,1,0.00147,0.61,0.06,0.3333,9.07
12,0.61,0.66,0.81,660,1.24,1,0.00092,0.4919,0.15,0.0833,8.89
8,0.61,0.58,0.88,627,1.0,2,0.00097,0.61,0.3,0.25,8.85
3,0.78,0.45,0.74,153,1.92,1,0.0051,0.4063,0.29,0.3333,8.11
1,0.69,0.75,0.6,152,1.03,2,0.00454,0.6699,0.15,2.0,8.41
3,0.93,0.57,0.73,399,1.0,0,0.00233,0.93,0.16,0.0,9.37
5,0.82,0.87,0.64,656,1.0,2,0.00125,0.82,0.23,0.4,8.04
15,0.73,0.75,0.74,504,1.6,2,0.00145,0.4562,0.01,0.1333,9.34
14,0.84,0.55,0.94,816,1.36,1,0.00103,0.6176,0.39,0.0714,10.0
3,0.65,0.56,0.81,81,1.0,0,0.00802,0.65,0.25,0.0,8.49
1,0.51,0.86,0.73,350,1.0,0,0.00146,0.51,0.13,0.0,9.03
5,0.6,0.64,0.81,544,1.55,1,0.0011,0.3871,0.17,0.2,8.35
14,0.71,0.59,0.82,843,1.09,0,0.00084,0.6514,0.23,0.0,10.0
7,0.68,0.65,0.54,365,1.32,0,0.00186,0.5152,0.11,0.0,8.97
9,0.78,0.59,0.71,693,1.39,0,0.00113,0.5612,0.12,0.0,9.23
15,0.69,0.68,1.0,187,1.8,1,0.00369,0.3833,0.32,0.0667,8.32
15,0.77,0.64,0.88,684,2.09,0,0.00113,0.3684,0.24,0.0,9.23
10,0.85,0.76,0.62,998,1.6,3,0.00085,0.5312,0.14,0.3,8.89
13,0.69,0.6,0.61,332,1.28,1,0.00208,0.5391,0.01,0.0769,8.66
19,0.76,0.54,0.6,907,1.52,0,0.00084,0.5,0.06,0.0,9.64
7,0.52,0.61,0.83,501,1.26,0,0.00104,0.4127,0.22,0.0,8.05
17,0.69,0.61,0.94,562,1.0,1,0.00123,0.69,0.33,0.0588,10.0
20,0.58,0.64,0.79,189,2.26,0,0.00307,0.2566,0.15,0.0,9.96
4,0.71,0.73,0.72,191,2.13,0,0.00372,0.3333,0.01,0.0,7.84
5,0.72,0.72,0.63,656,2.89,2,0.0011,0.2491,0.09,0.4,7.12
7,0.72,0.79,0.75,994,3.1,1,0.00072,0.2323,0.04,0.1429,7.49
13,0.65,0.55,0.58,541,1.0,1,0.0012,0.65,0.03,0.0769,9.24
15,0.93,0.7,0.41,921,1.27,1,0.00101,0.7323,0.29,0.0667,9.71
11,0.57,0.74,0.95,449,3.26,1,0.00127,0.1748,0.21,0.0909,8.18
4,0.57,0.57,0.55,652,1.47,1,0.00087,0.3878,0.02,0.25,7.62
13,0.87,0.63,0.65,384,1.67,1,0.00227,0.521,0.02,0.0769,10.0
7,0.63,0.44,0.8,128,1.0,1,0.00492,0.63,0.36,0.1429,7.9
19,0.61,0.76,0.92,719,1.61,2,0.00085,0.3789,0.16,0.1053,8.76
2,0.93,0.62,0.74,507,2.85,2,0.00183,0.3263,0.12,1.0,7.11
10,0.8,0.75,0.52,587,2.4,1,0.00136,0.3333,0.23,0.1,7.51
13,0.64,0.67,0.65,878,1.07,2,0.00073,0.5981,0.02,0.1538,8.29
6,0.72,0.63,0.6,676,1.22,0,0.00107,0.5902,0.03,0.0,8.33
12,0.89,0.46,0.69,224,1.0,2,0.00397,0.89,0.23,0.1667,8.81
12,0.77,0.48,0.88,547,1.0,1,0.00141,0.77,0.4,0.0833,8.97
20,0.83,0.34,0.32,772,1.0,1,0.00108,0.83,0.02,0.05,9.71
11,0.78,0.58,0.64,768,1.44,0,0.00102,0.5417,0.06,0.0,8.96
7,0.79,0.92,0.63,485,2.56,3,0.00163,0.3086,0.29,0.4286,7.43
1,0.7,0.5,0.51,756,1.75,0,0.00093,0.4,0.01,0.0,7.81
1,0.7,0.33,0.79,893,2.46,1,0.00078,0.2846,0.46,1.0,6.3
20,0.73,0.77,0.49,324,2.25,0,0.00225,0.3244,0.28,0.0,9.21
13,0.77,0.93,0.51,934,1.12,1,0.00082,0.6875,0.42,0.0769,9.58
9,0.67,0.69,0.83,671,1.0,1,0.001,0.67,0.14,0.1111,8.4
3,0.71,0.68,0.93,401,1.0,1,0.00177,0.71,0.25,0.3333,7.8
7,0.67,0.61,0.69,891,1.0,0,0.00075,0.67,0.08,0.0,9.12
6,0.71,0.43,0.52,785,1.52,0,0.0009,0.4671,0.09,0.0,8.2
8,0.57,0.48,0.59,337,1.0,2,0.00169,0.57,0.11,0.25,8.66
9,0.96,0.61,0.85,733,1.91,0,0.00131,0.5026,0.24,0.0,9.38
5,0.63,0.59,0.72,498,1.55,1,0.00127,0.4065,0.13,0.2,8.23
1,0.66,0.64,0.68,216,1.83,0,0.00306,0.3607,0.04,0.0,7.67
19,0.62,0.75,0.75,481,2.24,2,0.00129,0.2768,0.0,0.1053,9.01
10,0.76,0.58,0.69,310,1.64,0,0.00245,0.4634,0.11,0.0,9.58
12,0.68,0.75,0.93,937,2.64,1,0.00073,0.2576,0.18,0.0833,7.71
15,0.6,0.58,0.59,668,1.94,0,0.0009,0.3093,0.01,0.0,8.89
9,0.77,0.77,0.57,589,1.0,2,0.00131,0.77,0.2,0.2222,9.7
20,0.78,0.66,0.49,386,1.33,2,0.00202,0.5865,0.17,0.1,9.5
17,0.69,0.6,0.62,954,1.0,2,0.00072,0.69,0.02,0.1176,10.0
17,0.63,0.66,0.54,156,1.0,1,0.00404,0.63,0.12,0.0588,9.14
20,0.92,0.61,0.73,572,1.23,0,0.00161,0.748,0.12,0.0,10.0
12,0.73,0.66,0.7,275,1.88,0,0.00265,0.3883,0.04,0.0,9.06
7,0.57,0.74,0.54,191,1.0,2,0.00298,0.57,0.2,0.2857,7.11
2,0.84,0.64,0.79,319,1.0,1,0.00263,0.84,0.15,0.5,8.34
3,0.61,0.61,0.93,184,1.0,0,0.00332,0.61,0.32,0.0,8.19
17,0.97,0.52,0.75,141,1.08,0,0.00688,0.8981,0.23,0.0,10.0
5,0.71,0.72,0.32,342,2.87,0,0.00208,0.2474,0.4,0.0,7.35
17,0.8,0.69,1.0,742,1.69,0,0.00108,0.4734,0.31,0.0,10.0
17,0.49,0.51,0.81,118,2.16,3,0.00415,0.2269,0.3,0.1765,8.01
17,0.57,0.75,0.99,603,1.0,1,0.00095,0.57,0.24,0.0588,9.9
2,0.83,0.51,0.86,220,1.0,0,0.00377,0.83,0.35,0.0,9.35
2,0.73,0.77,0.89,343,1.0,2,0.00213,0.73,0.12,1.0,8.57
5,0.9,0.73,0.73,165,1.43,1,0.00545,0.6294,0.0,0.2,9.0
1,0.75,0.7,0.66,164,1.0,1,0.00457,0.75,0.04,1.0,8.31
1,0.71,0.6,0.76,498,1.0,1,0.00143,0.71,0.16,1.0,8.51
19,0.87,0.72,0.59,287,1.09,0,0.00303,0.7982,0.13,0.0,10.0
2,0.8,0.78,0.77,759,1.0,1,0.00105,0.8,0.01,0.5,9.35
12,0.68,0.72,0.31,641,1.0,0,0.00106,0.68,0.41,0.0,8.45
6,0.59,0.57,0.71,377,1.7,5,0.00156,0.3471,0.14,0.8333,6.1
4,0.46,0.68,0.9,523,1.53,1,0.00088,0.3007,0.22,0.25,8.01
11,0.66,0.79,0.71,861,2.05,1,0.00077,0.322,0.08,0.0909,8.52
17,0.58,0.91,0.96,658,1.0,1,0.00088,0.58,0.05,0.0588,10.0
6,0.96,0.63,0.66,941,2.03,1,0.00102,0.4729,0.03,0.1667,8.86
5,0.63,0.75,0.85,933,2.57,0,0.00068,0.2451,0.1,0.0,7.77
20,0.63,0.79,0.57,531,1.68,1,0.00119,0.375,0.22,0.05,9.25
2,0.55,0.55,0.84,115,1.07,0,0.00478,0.514,0.29,0.0,8.65
6,0.67,0.86,0.73,684,1.6,0,0.00098,0.4188,0.13,0.0,9.4
11,0.63,0.52,0.67,72,1.04,1,0.00875,0.6058,0.15,0.0909,9.35
16,0.87,0.75,0.31,499,1.0,2,0.00174,0.87,0.44,0.125,9.15
16,0.72,0.69,0.66,77,1.98,0,0.00935,0.3636,0.03,0.0,9.84
1,0.7,0.66,0.73,753,1.4,0,0.00093,0.5,0.07,0.0,7.86
9,0.69,0.96,0.82,172,2.34,1,0.00401,0.2949,0.14,0.1111,8.27
6,0.78,0.61,0.93,288,1.19,0,0.00271,0.6555,0.32,0.0,8.27
16,0.65,0.61,1.0,230,1.26,2,0.00283,0.5159,0.39,0.125,9.93
3,0.77,0.81,0.89,354,1.1,0,0.00218,0.7,0.08,0.0,9.01
20,0.86,0.74,0.62,248,1.0,3,0.00347,0.86,0.12,0.15,9.93
4,0.75,0.8,0.65,485,2.07,3,0.00155,0.3623,0.15,0.75,6.98
19,0.68,0.66,0.81,138,3.03,1,0.00493,0.2244,0.15,0.0526,9.02
3,0.6,0.69,0.78,717,1.23,0,0.00084,0.4878,0.09,0.0,8.28
19,0.67,0.88,0.94,978,1.02,1,0.00069,0.6569,0.06,0.0526,10.0
20,0.76,0.55,1.0,241,1.0,1,0.00315,0.76,0.45,0.05,10.0
7,0.55,0.64,1.0,558,1.02,3,0.00099,0.5392,0.36,0.4286,7.49
20,0.78,0.75,0.92,857,2.65,0,0.00091,0.2943,0.17,0.0,9.54
9,0.72,0.63,0.78,821,1.0,1,0.00088,0.72,0.15,0.1111,8.3
1,0.69,0.58,0.9,925,1.09,2,0.00075,0.633,0.32,2.0,7.3
8,0.63,0.72,0.95,885,1.0,0,0.00071,0.63,0.23,0.0,9.5
7,0.65,0.81,0.68,767,1.71,0,0.00085,0.3801,0.13,0.0,7.82
18,0.76,0.63,0.62,894,1.45,1,0.00085,0.5241,0.01,0.0556,8.99
8,0.69,0.63,0.58,130,1.0,1,0.00531,0.69,0.05,0.125,8.72
1,0.65,0.57,0.57,307,1.0,1,0.00212,0.65,0.0,1.0,7.61
11,0.75,0.61,0.49,205,2.57,0,0.00366,0.2918,0.12,0.0,8.92
18,0.75,0.78,0.74,677,1.52,3,0.00111,0.4934,0.04,0.1667,10.0
10,0.58,0.66,0.55,834,1.57,0,0.0007,0.3694,0.11,0.0,8.07
3,0.76,0.55,0.58,355,1.57,1,0.00214,0.4841,0.03,0.3333,8.02
7,0.95,0.68,0.81,641,2.48,2,0.00148,0.3831,0.13,0.2857,8.52
16,0.75,0.78,0.73,529,1.0,2,0.00142,0.75,0.05,0.125,9.6
16,0.53,0.58,0.76,565,1.22,1,0.00094,0.4344,0.18,0.0625,8.4
20,0.72,0.49,0.9,252,1.38,1,0.00286,0.5217,0.41,0.05,9.7
17,0.52,0.91,0.83,127,1.0,2,0.00409,0.52,0.08,0.1176,9.55
2,1.0,0.48,0.93,553,1.0,0,0.00181,1.0,0.45,0.0,9.17
1,0.92,0.61,0.71,876,2.23,1,0.00105,0.4126,0.1,1.0,7.95
16,0.63,0.68,0.94,111,2.03,2,0.00568,0.3103,0.26,0.125,8.47
12,0.48,0.62,0.75,941,2.16,0,0.00051,0.2222,0.13,0.0,7.77
5,0.61,0.64,0.73,422,1.09,1,0.00145,0.5596,0.09,0.2,8.37
5,0.68,0.72,0.92,856,1.17,1,0.00079,0.5812,0.2,0.2,8.93
9,0.52,0.36,0.57,976,1.0,0,0.00053,0.52,0.21,0.0,7.65
9,0.69,0.5,1.0,533,2.15,3,0.00129,0.3209,0.5,0.3333,7.88
3,0.68,0.66,0.66,905,2.27,0,0.00075,0.2996,0.0,0.0,7.04
19,0.71,0.6,0.52,580,2.26,0,0.00122,0.3142,0.08,0.0,8.84
16,0.72,0.67,0.8,822,2.62,1,0.00088,0.2748,0.13,0.0625,8.67
16,0.6,0.68,0.64,490,1.8,2,0.00122,0.3333,0.04,0.125,8.27
3,0.61,0.4,1.0,903,2.59,2,0.00068,0.2355,0.6,0.6667,6.33
20,0.7,0.8,0.64,357,1.36,0,0.00196,0.5147,0.16,0.0,10.0
1,0.64,0.59,0.75,494,1.0,0,0.0013,0.64,0.16,0.0,7.97
20,0.79,0.55,0.49,755,2.1,1,0.00105,0.3762,0.06,0.05,10.0
11,0.7,0.68,0.82,750,1.0,0,0.00093,0.7,0.14,0.0,9.9
17,0.89,0.66,0.58,257,1.62,0,0.00346,0.5494,0.08,0.0,9.96
8,0.78,0.79,0.8,187,2.17,1,0.00417,0.3594,0.01,0.125,8.83
4,0.81,0.68,0.64,591,1.73,0,0.00137,0.4682,0.04,0.0,9.5
6,0.71,0.79,0.39,470,3.09,0,0.00151,0.2298,0.4,0.0,6.79
8,0.72,0.54,0.72,993,1.0,2,0.00073,0.72,0.18,0.25,8.05
20,0.87,0.67,0.71,899,1.44,2,0.00097,0.6042,0.04,0.1,9.65
3,0.66,0.52,0.83,124,1.51,0,0.00532,0.4371,0.31,0.0,8.07
16,0.75,0.66,0.93,753,1.0,0,0.001,0.75,0.27,0.0,9.73
3,0.67,0.64,0.99,300,1.0,0,0.00223,0.67,0.35,0.0,8.92
18,0.67,0.63,0.83,428,1.0,1,0.00157,0.67,0.2,0.0556,10.0
14,0.58,0.63,0.74,595,1.0,1,0.00097,0.58,0.11,0.0714,9.27
18,0.63,0.74,0.49,443,1.42,1,0.00142,0.4437,0.25,0.0556,8.98
2,0.61,0.46,0.73,490,1.08,0,0.00124,0.5648,0.27,0.0,7.71
3,0.76,0.54,0.73,142,1.72,1,0.00535,0.4419,0.19,0.3333,8.16
16,0.8,0.65,0.67,890,1.95,0,0.0009,0.4103,0.02,0.0,9.19
9,0.69,0.51,0.79,756,1.91,1,0.00091,0.3613,0.28,0.1111,8.83
4,0.72,0.66,0.87,887,1.21,2,0.00081,0.595,0.21,0.5,9.05
1,0.68,0.64,0.58,670,1.7,0,0.00101,0.4,0.06,0.0,7.83
4,0.62,0.48,0.57,633,2.22,1,0.00098,0.2793,0.09,0.25,6.97
1,0.79,0.48,0.68,345,1.81,2,0.00229,0.4365,0.2,2.0,7.56
14,0.77,0.34,0.61,593,2.8,2,0.0013,0.275,0.27,0.1429,7.86
16,0.51,0.5,0.45,518,2.19,3,0.00098,0.2329,0.05,0.1875,6.88
20,0.67,0.65,0.55,271,2.7,2,0.00247,0.2481,0.1,0.1,8.12
8,0.61,0.67,0.52,185,1.0,0,0.0033,0.61,0.15,0.0,8.17
7,0.66,0.67,0.88,472,1.57,1,0.0014,0.4204,0.21,0.1429,8.63
3,0.63,0.56,0.96,558,1.27,1,0.00113,0.4961,0.4,0.3333,8.33
17,0.7,0.65,0.54,484,1.41,1,0.00145,0.4965,0.11,0.0588,8.67
1,0.67,0.7,0.78,613,1.0,1,0.00109,0.67,0.08,1.0,8.17
16,0.66,0.5,0.83,669,1.78,1,0.00099,0.3708,0.33,0.0625,8.28
12,0.81,0.66,0.48,602,1.0,2,0.00135,0.81,0.18,0.1667,8.61
19,0.76,0.73,0.72,217,1.78,2,0.0035,0.427,0.01,0.1053,9.66
14,0.63,0.59,1.0,171,1.0,0,0.00368,0.63,0.41,0.0,9.51
6,0.64,0.78,0.8,461,1.15,0,0.00139,0.5565,0.02,0.0,8.99
6,0.75,0.59,0.66,818,1.81,1,0.00092,0.4144,0.07,0.1667,7.41
13,0.75,0.55,0.62,181,1.56,1,0.00414,0.4808,0.07,0.0769,8.89
19,0.64,0.72,0.4,332,2.24,0,0.00193,0.2857,0.32,0.0,8.76
8,0.68,0.89,0.77,353,1.0,1,0.00193,0.68,0.12,0.125,9.03
2,0.88,0.66,0.99,457,1.44,1,0.00193,0.6111,0.33,0.5,8.63
1,0.64,0.73,0.58,530,2.12,1,0.00121,0.3019,0.15,1.0,7.21
15,0.89,0.59,0.41,266,1.75,2,0.00335,0.5086,0.18,0.1333,8.28
1,0.81,0.5,0.6,169,1.8,0,0.00479,0.45,0.1,0.0,7.18
5,0.87,0.67,0.83,499,2.28,3,0.00174,0.3816,0.16,0.6,8.38
16,0.64,0.69,0.64,337,1.22,0,0.0019,0.5246,0.05,0.0,9.4
19,0.68,0.61,0.58,627,1.07,1,0.00108,0.6355,0.03,0.0526,9.66
4,0.66,0.73,0.7,946,1.9,0,0.0007,0.3474,0.03,0.0,8.58
3,0.81,0.57,0.73,974,1.4,0,0.00083,0.5786,0.16,0.0,9.95
17,0.64,0.54,0.49,628,2.29,1,0.00102,0.2795,0.05,0.0588,7.78
17,0.77,0.78,0.67,999,1.76,0,0.00077,0.4375,0.11,0.0,10.0
12,0.77,0.78,0.63,541,1.06,0,0.00142,0.7264,0.15,0.0,9.53
14,0.7,0.57,0.6,862,1.74,2,0.00081,0.4023,0.03,0.1429,8.17
6,0.83,0.86,0.55,173,1.0,1,0.0048,0.83,0.31,0.1667,8.76
3,0.71,0.62,0.84,952,2.16,1,0.00075,0.3287,0.22,0.3333,7.21
9,0.78,0.66,0.6,956,1.0,0,0.00082,0.78,0.06,0.0,9.42
5,0.65,0.64,0.4,879,2.36,2,0.00074,0.2754,0.24,0.4,6.07
17,0.63,0.71,0.74,912,1.72,1,0.00069,0.3663,0.03,0.0588,9.63
14,0.77,0.68,0.81,536,1.38,0,0.00144,0.558,0.13,0.0,9.88
3,0.74,0.68,0.58,769,2.03,0,0.00096,0.3645,0.1,0.0,8.06
1,0.72,0.53,0.62,992,1.86,0,0.00073,0.3871,0.09,0.0,7.4
20,0.67,0.45,0.6,380,2.43,0,0.00176,0.2757,0.15,0.0,8.68
1,0.85,0.79,0.65,238,2.42,1,0.00357,0.3512,0.14,1.0,7.76
3,0.59,0.58,0.87,956,1.75,0,0.00062,0.3371,0.29,0.0,7.41
18,0.58,0.64,0.68,278,1.0,2,0.00209,0.58,0.04,0.1111,9.14
10,0.79,0.69,0.83,848,1.12,0,0.00093,0.7054,0.14,0.0,9.44
3,0.79,0.85,0.55,587,1.45,0,0.00135,0.5448,0.3,0.0,8.15
8,0.74,0.67,0.64,551,2.26,2,0.00134,0.3274,0.03,0.25,6.91
14,0.67,0.6,0.84,950,1.18,3,0.00071,0.5678,0.24,0.2143,9.26
18,0.75,0.59,0.58,120,1.24,0,0.00625,0.6048,0.01,0.0,9.64
15,0.87,0.65,0.85,113,2.79,2,0.0077,0.3118,0.2,0.1333,9.09
2,0.95,0.54,0.61,739,1.43,1,0.00129,0.6643,0.07,0.5,8.73
10,0.53,0.65,0.65,597,1.06,1,0.00089,0.5,0.0,0.1,8.07
2,0.66,0.64,0.95,907,2.04,2,0.00073,0.3235,0.31,1.0,6.92
17,0.65,0.85,0.63,124,1.46,1,0.00524,0.4452,0.22,0.0588,10.0
8,0.86,0.64,0.72,671,1.0,2,0.00128,0.86,0.08,0.25,9.8
1,0.45,0.42,0.79,645,2.23,1,0.0007,0.2018,0.37,1.0,6.33
9,0.75,0.97,0.73,763,1.0,1,0.00098,0.75,0.24,0.1111,9.71
11,0.67,0.76,0.74,230,1.53,1,0.00291,0.4379,0.02,0.0909,8.71
16,0.86,0.9,0.69,332,1.45,0,0.00259,0.5931,0.21,0.0,10.0
7,0.85,0.51,0.5,948,1.66,2,0.0009,0.512,0.01,0.2857,7.6
10,0.74,0.62,0.75,758,1.0,2,0.00098,0.74,0.13,0.2,8.14
3,0.54,0.73,0.59,594,1.27,0,0.00091,0.4252,0.14,0.0,7.45
18,0.64,0.71,0.82,450,2.29,1,0.00142,0.2795,0.11,0.0556,9.1
13,0.65,0.69,0.91,999,2.39,4,0.00065,0.272,0.22,0.3077,7.24
7,0.57,0.39,0.43,752,1.0,1,0.00076,0.57,0.04,0.1429,7.68
4,0.82,0.44,0.91,386,2.14,1,0.00212,0.3832,0.47,0.25,7.29
13,0.55,0.83,0.64,167,1.0,1,0.00329,0.55,0.19,0.0769,8.82
20,0.9,0.85,0.68,906,1.24,0,0.00099,0.7258,0.17,0.0,10.0
1,0.9,0.64,0.56,221,1.27,0,0.00407,0.7087,0.08,0.0,8.68
8,0.66,0.82,0.73,873,1.58,1,0.00076,0.4177,0.09,0.125,8.63
14,0.73,0.53,0.71,511,2.2,0,0.00143,0.3318,0.18,0.0,9.13
16,0.69,0.55,0.86,265,1.69,1,0.0026,0.4083,0.31,0.0625,9.28
14,0.79,0.52,0.59,649,1.41,1,0.00122,0.5603,0.07,0.0714,9.62
12,0.83,0.55,0.95,75,2.18,2,0.01107,0.3807,0.4,0.1667,8.3
19,0.73,0.74,0.8,386,1.0,1,0.00189,0.73,0.06,0.0526,10.0
15,0.75,0.55,0.71,667,1.45,1,0.00112,0.5172,0.16,0.0667,8.66
2,0.64,0.92,0.67,718,2.2,0,0.00089,0.2909,0.25,0.0,7.68
2,0.74,0.71,0.65,61,1.87,2,0.01213,0.3957,0.06,1.0,7.85
19,0.72,0.78,0.66,69,1.17,0,0.01043,0.6154,0.12,0.0,10.0
17,0.61,0.71,0.73,493,1.0,0,0.00124,0.61,0.02,0.0,10.0
20,0.7,0.8,0.67,184,1.72,2,0.0038,0.407,0.13,0.1,8.67
10,0.66,0.55,0.6,140,1.0,0,0.00471,0.66,0.05,0.0,9.48
6,0.64,0.82,0.73,544,1.35,2,0.00118,0.4741,0.09,0.3333,7.52
15,0.59,0.67,0.57,711,2.33,0,0.00083,0.2532,0.1,0.0,8.88
11,0.71,0.8,0.75,897,1.92,1,0.00079,0.3698,0.05,0.0909,8.7
5,0.62,0.48,0.67,209,1.0,0,0.00297,0.62,0.19,0.0,8.63
1,0.65,0.67,0.8,859,1.64,2,0.00076,0.3963,0.13,2.0,6.89
8,0.81,0.67,0.85,932,1.28,0,0.00087,0.6328,0.18,0.0,9.93
12,0.76,0.58,0.85,399,1.0,0,0.0019,0.76,0.27,0.0,9.23
12,0.6,0.69,0.75,188,1.73,0,0.00319,0.3468,0.06,0.0,8.67
5,0.74,0.83,0.77,497,1.16,1,0.00149,0.6379,0.06,0.2,8.58
7,0.71,0.57,0.65,810,1.16,2,0.00088,0.6121,0.08,0.2857,7.51
4,0.87,0.77,0.8,560,1.59,0,0.00155,0.5472,0.03,0.0,9.16
6,0.84,0.51,0.82,117,1.06,3,0.00718,0.7925,0.31,0.5,9.02
13,0.55,0.9,0.46,257,1.57,2,0.00214,0.3503,0.44,0.1538,9.14
20,0.79,0.74,0.76,270,1.08,0,0.00293,0.7315,0.02,0.0,10.0
15,0.83,0.86,0.91,973,1.12,2,0.00085,0.7411,0.05,0.1333,10.0
3,0.76,0.73,0.65,961,2.2,1,0.00079,0.3455,0.08,0.3333,7.81
8,0.67,0.7,0.61,104,2.27,0,0.00644,0.2952,0.09,0.0,8.35
20,0.94,0.75,0.64,156,1.0,0,0.00603,0.94,0.11,0.0,10.0
16,0.77,0.63,0.47,338,2.02,1,0.00228,0.3812,0.16,0.0625,8.77
13,0.9,0.46,0.72,594,2.48,1,0.00152,0.3629,0.26,0.0769,8.68
18,0.84,0.7,0.7,469,2.59,0,0.00179,0.3243,0.0,0.0,9.31
10,0.75,0.56,0.73,520,1.86,1,0.00144,0.4032,0.17,0.1,8.39
19,0.64,0.52,0.76,450,1.0,2,0.00142,0.64,0.24,0.1053,9.34
17,0.7,0.73,0.58,906,1.94,0,0.00077,0.3608,0.15,0.0,9.62
19,0.68,0.62,0.74,103,1.0,1,0.0066,0.68,0.12,0.0526,9.55
5,0.58,0.77,0.77,86,1.26,1,0.00674,0.4603,0.0,0.2,8.39
9,0.77,0.56,0.63,853,1.77,3,0.0009,0.435,0.07,0.3333,8.51
12,0.86,0.59,0.76,156,1.0,1,0.00551,0.86,0.17,0.0833,10.0
1,0.67,0.79,0.71,607,1.0,1,0.0011,0.67,0.08,1.0,8.92
1,0.92,0.68,0.61,680,1.83,2,0.00135,0.5027,0.07,2.0,7.73
15,0.54,0.47,0.74,626,2.81,2,0.00086,0.1922,0.27,0.1333,7.51
2,0.81,0.68,0.66,763,2.37,0,0.00106,0.3418,0.02,0.0,8.31
16,0.87,0.83,0.8,278,2.0,2,0.00313,0.435,0.03,0.125,10.0
8,0.68,0.59,0.66,244,2.19,2,0.00279,0.3105,0.07,0.25,6.77
13,0.68,0.72,0.51,128,1.95,0,0.00531,0.3487,0.21,0.0,8.16
1,0.8,0.55,0.74,888,1.81,2,0.0009,0.442,0.19,2.0,7.89
16,0.75,0.63,0.73,189,2.13,0,0.00397,0.3521,0.1,0.0,9.19
7,0.5,0.78,0.54,626,1.0,2,0.0008,0.5,0.24,0.2857,7.57
5,0.62,0.68,0.81,949,1.64,1,0.00065,0.378,0.13,0.2,7.58
3,0.7,0.8,0.8,668,1.44,2,0.00105,0.4861,0.0,0.6667,7.95
12,0.56,0.7,0.57,907,1.56,0,0.00062,0.359,0.13,0.0,8.09
16,0.65,0.92,0.6,658,1.18,1,0.00099,0.5508,0.32,0.0625,10.0
19,0.57,0.46,0.68,865,1.86,1,0.00066,0.3065,0.22,0.0526,8.62
5,0.66,0.62,0.59,690,1.0,1,0.00096,0.66,0.03,0.2,8.32
14,0.67,0.52,0.8,779,1.13,2,0.00086,0.5929,0.28,0.1429,9.1
5,0.74,0.53,0.72,393,1.04,1,0.00188,0.7115,0.19,0.2,8.88
15,0.69,0.53,0.54,984,2.1,1,0.0007,0.3286,0.01,0.0667,8.77
17,0.75,0.67,0.58,213,1.49,1,0.00352,0.5034,0.09,0.0588,9.81
14,0.74,0.68,0.88,606,1.18,2,0.00122,0.6271,0.2,0.1429,9.16
20,0.8,0.7,0.93,138,1.24,3,0.0058,0.6452,0.23,0.15,9.78
5,0.79,0.52,0.78,638,1.5,0,0.00124,0.5267,0.26,0.0,8.85
12,0.78,0.61,0.67,914,2.64,1,0.00085,0.2955,0.06,0.0833,8.05
16,1.0,0.53,0.63,472,1.0,1,0.00212,1.0,0.1,0.0625,10.0
16,0.73,0.76,0.78,605,1.97,0,0.00121,0.3706,0.02,0.0,9.83
7,0.96,0.55,0.71,668,1.83,1,0.00144,0.5246,0.16,0.1429,8.93
4,0.74,0.62,0.46,228,1.0,1,0.00325,0.74,0.16,0.25,7.48
1,0.69,0.72,0.85,740,2.53,0,0.00093,0.2727,0.13,0.0,8.0
5,0.66,0.58,0.9,722,1.88,0,0.00091,0.3511,0.32,0.0,8.1
10,0.85,0.73,0.81,642,1.14,1,0.00132,0.7456,0.08,0.1,9.97
5,0.86,0.84,0.54,574,1.0,1,0.0015,0.86,0.3,0.2,9.31
4,0.76,0.67,0.6,373,1.66,4,0.00204,0.4578,0.07,1.0,7.76
2,0.81,0.76,0.42,91,1.47,0,0.0089,0.551,0.34,0.0,8.63
20,0.57,0.4,0.94,346,1.0,0,0.00165,0.57,0.54,0.0,10.0
10,0.55,0.6,0.65,653,1.0,3,0.00084,0.55,0.05,0.3,8.56
19,0.82,0.67,1.0,102,2.11,2,0.00804,0.3886,0.33,0.1053,9.62
1,0.69,0.52,0.99,962,1.0,1,0.00072,0.69,0.47,1.0,8.23
5,0.77,0.67,0.56,676,1.72,1,0.00114,0.4477,0.11,0.2,8.37
13,0.63,0.78,0.59,60,1.37,1,0.0105,0.4599,0.19,0.0769,9.18
4,0.87,0.42,0.77,632,1.85,2,0.00138,0.4703,0.35,0.5,7.44
16,0.55,0.51,0.44,329,1.29,2,0.00167,0.4264,0.07,0.125,8.34
16,0.56,0.67,0.63,239,1.71,1,0.00234,0.3275,0.04,0.0625,8.74
2,0.84,0.71,0.62,795,1.0,0,0.00106,0.84,0.09,0.0,8.65
17,0.44,0.74,0.98,577,1.47,2,0.00076,0.2993,0.24,0.1176,9.44
20,0.74,0.66,0.72,162,1.84,3,0.00457,0.4022,0.06,0.15,9.04
12,0.69,0.71,0.66,69,1.61,1,0.01,0.4286,0.05,0.0833,9.66
18,0.63,0.76,0.61,642,1.77,1,0.00098,0.3559,0.15,0.0556,8.47
3,0.68,0.6,0.83,149,1.0,0,0.00456,0.68,0.23,0.0,8.49
1,0.62,0.58,0.63,285,1.09,1,0.00218,0.5688,0.05,1.0,7.75
1,0.85,0.63,0.69,729,1.1,0,0.00117,0.7727,0.06,0.0,9.27
19,0.88,0.67,0.6,799,1.31,0,0.0011,0.6718,0.07,0.0,10.0
11,0.63,0.57,0.47,976,2.45,1,0.00065,0.2571,0.1,0.0909,7.66
5,0.73,0.6,0.55,185,1.25,1,0.00395,0.584,0.05,0.2,7.75
12,0.57,0.7,0.62,268,1.0,0,0.00213,0.57,0.08,0.0,8.77
3,0.81,0.67,0.66,156,1.88,1,0.00519,0.4309,0.01,0.3333,8.14
1,0.8,0.63,0.67,133,2.44,0,0.00602,0.3279,0.04,0.0,7.12
1,0.67,0.44,0.69,686,1.0,0,0.00098,0.67,0.25,0.0,7.81
8,0.7,0.65,0.63,250,2.88,2,0.0028,0.2431,0.02,0.25,7.46
10,0.69,0.53,0.9,741,1.79,2,0.00093,0.3855,0.37,0.2,7.72
11,0.54,0.77,0.84,878,2.22,0,0.00062,0.2432,0.07,0.0,9.28
12,0.85,0.61,0.68,775,2.53,2,0.0011,0.336,0.07,0.1667,8.69
13,0.62,0.53,0.74,115,2.18,0,0.00539,0.2844,0.21,0.0,7.83
12,0.62,0.64,0.64,779,1.42,0,0.0008,0.4366,0.0,0.0,8.63
14,0.68,0.8,0.27,612,2.35,1,0.00111,0.2894,0.53,0.0714,6.89
2,0.8,0.73,0.7,91,1.68,1,0.00879,0.4762,0.03,0.5,7.85
19,0.64,0.68,0.75,586,2.26,0,0.00109,0.2832,0.07,0.0,9.69
18,0.5,0.49,0.46,633,2.34,3,0.00079,0.2137,0.03,0.1667,7.14
3,0.61,0.84,0.77,726,1.0,0,0.00084,0.61,0.07,0.0,9.07
17,0.74,0.58,0.66,343,2.06,1,0.00216,0.3592,0.08,0.0588,8.34
8,0.92,0.76,0.75,780,1.37,1,0.00118,0.6715,0.01,0.125,9.77
10,0.57,0.61,0.66,891,1.6,1,0.00064,0.3562,0.05,0.1,7.98
2,0.57,0.75,0.89,553,1.59,1,0.00103,0.3585,0.14,0.5,7.91
19,0.55,0.81,0.73,246,1.56,1,0.00224,0.3526,0.08,0.0526,9.43
9,0.54,0.73,0.85,557,2.57,1,0.00097,0.2101,0.12,0.1111,7.35
7,0.82,0.74,0.86,501,1.0,2,0.00164,0.82,0.12,0.2857,8.76
4,0.85,0.64,0.53,189,1.0,1,0.0045,0.85,0.11,0.25,9.06
18,0.72,0.6,0.59,698,1.0,2,0.00103,0.72,0.01,0.1111,9.65
13,0.65,0.67,0.77,351,2.25,0,0.00185,0.2889,0.1,0.0,9.23
11,0.88,0.61,0.65,173,1.0,0,0.00509,0.88,0.04,0.0,10.0
4,0.72,0.95,0.66,258,1.59,1,0.00279,0.4528,0.29,0.25,8.41
4,0.81,0.53,0.89,72,1.42,1,0.01125,0.5704,0.36,0.25,7.69
10,0.65,0.77,0.65,330,1.0,1,0.00197,0.65,0.12,0.1,8.97
5,0.7,0.71,0.55,660,2.1,1,0.00106,0.3333,0.16,0.2,7.6
9,0.58,0.68,0.57,274,1.41,1,0.00212,0.4113,0.11,0.1111,8.97
3,0.76,0.83,1.0,503,1.33,0,0.00151,0.5714,0.17,0.0,9.53
17,0.72,0.69,0.67,849,1.66,0,0.00085,0.4337,0.02,0.0,10.0
3,0.61,0.57,0.5,571,2.0,1,0.00107,0.305,0.07,0.3333,7.27
16,0.61,0.69,0.43,506,1.0,1,0.00121,0.61,0.26,0.0625,8.75
4,0.86,0.63,0.61,774,2.11,3,0.00111,0.4076,0.02,0.75,7.39
18,0.9,0.71,0.67,133,2.51,0,0.00677,0.3586,0.04,0.0,9.77
17,0.68,0.75,0.84,596,1.0,0,0.00114,0.68,0.09,0.0,10.0
7,0.71,0.55,0.83,160,1.69,0,0.00444,0.4201,0.28,0.0,8.36
5,0.74,0.79,0.7,235,1.29,1,0.00315,0.5736,0.09,0.2,8.59
12,0.71,0.62,0.63,486,1.99,2,0.00146,0.3568,0.01,0.1667,8.82
17,0.53,0.7,0.75,176,1.0,1,0.00301,0.53,0.05,0.0588,8.7
13,0.74,0.72,0.44,225,2.64,0,0.00329,0.2803,0.28,0.0,8.74
3,0.49,0.69,1.0,100,1.0,1,0.0049,0.49,0.31,0.3333,7.85
9,0.63,0.64,0.8,488,1.33,2,0.00129,0.4737,0.16,0.2222,7.79
17,0.75,0.59,0.83,403,1.8,0,0.00186,0.4167,0.24,0.0,10.0
17,0.76,0.62,0.54,483,1.02,1,0.00157,0.7451,0.08,0.0588,9.99
20,0.62,0.84,0.89,425,1.0,0,0.00146,0.62,0.05,0.0,10.0
16,0.65,0.55,0.63,179,1.66,3,0.00363,0.3916,0.08,0.1875,8.53
13,0.64,0.56,0.56,668,1.55,2,0.00096,0.4129,0.0,0.1538,9.04
19,0.69,0.56,0.69,716,1.5,2,0.00096,0.46,0.13,0.1053,9.32
17,0.7,0.67,0.69,787,2.1,1,0.00089,0.3333,0.02,0.0588,8.98
4,0.77,0.47,0.54,288,1.22,1,0.00267,0.6311,0.07,0.25,8.15
12,0.65,0.49,0.57,884,1.72,3,0.00074,0.3779,0.08,0.25,8.08
9,0.74,0.62,0.55,189,1.15,1,0.00392,0.6435,0.07,0.1111,8.42
19,0.75,0.5,0.56,411,1.0,0,0.00182,0.75,0.06,0.0,9.79
12,0.72,0.51,0.64,948,1.3,1,0.00076,0.5538,0.13,0.0833,8.66
9,0.67,0.5,0.49,377,1.15,1,0.00178,0.5826,0.01,0.1111,7.47
7,0.72,0.55,0.6,708,1.19,1,0.00102,0.605,0.05,0.1429,8.48
14,0.78,0.74,0.86,895,2.32,3,0.00087,0.3362,0.12,0.2143,7.74
20,0.78,0.76,0.82,396,1.32,0,0.00197,0.5909,0.06,0.0,10.0
19,0.88,0.88,0.54,332,1.04,1,0.00265,0.8462,0.34,0.0526,10.0
15,0.6,0.88,0.84,176,1.52,1,0.00341,0.3947,0.04,0.0667,9.32
16,0.66,0.74,0.41,877,1.57,0,0.00075,0.4204,0.33,0.0,9.67
5,0.54,0.77,1.0,427,1.0,2,0.00126,0.54,0.23,0.4,7.84
3,0.79,0.67,0.9,153,1.29,0,0.00516,0.6124,0.23,0.0,9.42
12,0.67,0.71,0.62,227,1.26,0,0.00295,0.5317,0.09,0.0,9.55
20,0.72,0.88,0.76,774,1.38,2,0.00093,0.5217,0.12,0.1,9.27
4,0.64,0.69,0.49,400,2.01,0,0.0016,0.3184,0.2,0.0,8.66
16,0.67,0.79,0.71,720,1.6,2,0.00093,0.4188,0.08,0.125,9.05
7,0.82,0.54,0.67,973,2.36,0,0.00084,0.3475,0.13,0.0,7.82
13,0.77,0.57,0.57,754,1.49,0,0.00102,0.5168,0.0,0.0,8.66
10,0.69,0.69,0.63,984,2.74,2,0.0007,0.2518,0.06,0.2,7.47
7,0.78,0.67,0.61,211,1.18,1,0.0037,0.661,0.06,0.1429,8.73
14,0.78,0.58,0.53,645,1.0,1,0.00121,0.78,0.05,0.0714,9.46
5,0.66,0.94,0.57,936,1.88,2,0.00071,0.3511,0.37,0.4,7.48
3,0.55,0.67,0.48,972,2.45,0,0.00057,0.2245,0.19,0.0,7.22
11,0.61,0.6,0.83,333,1.0,0,0.00183,0.61,0.23,0.0,9.16
11,0.57,0.67,0.56,613,1.36,0,0.00093,0.4191,0.11,0.0,7.9
18,0.82,0.65,0.52,555,1.07,1,0.00148,0.7664,0.13,0.0556,9.84
15,0.83,0.67,0.83,783,1.6,1,0.00106,0.5187,0.16,0.0667,8.68
12,0.86,0.46,0.76,160,1.51,1,0.00538,0.5695,0.3,0.0833,9.11
9,0.5,0.81,0.82,616,2.44,0,0.00081,0.2049,0.01,0.0,7.89
10,0.81,0.81,0.84,141,1.42,0,0.00574,0.5704,0.03,0.0,9.89
12,0.92,0.83,0.99,588,2.46,0,0.00156,0.374,0.16,0.0,10.0
17,0.81,0.69,0.68,132,1.28,2,0.00614,0.6328,0.01,0.1176,9.26
6,0.48,0.73,0.48,73,2.15,1,0.00658,0.2233,0.25,0.1667,7.45
7,0.88,0.55,0.74,492,1.66,0,0.00179,0.5301,0.19,0.0,8.7
14,0.7,0.75,0.6,216,2.71,0,0.00324,0.2583,0.15,0.0,9.29
13,0.68,0.68,0.56,794,1.0,1,0.00086,0.68,0.12,0.0769,9.05
8,0.75,0.59,0.71,191,1.0,0,0.00393,0.75,0.12,0.0,8.94
10,0.6,0.75,0.83,397,2.78,0,0.00151,0.2158,0.08,0.0,8.58
9,0.7,0.76,0.57,463,1.0,0,0.00151,0.7,0.19,0.0,9.07
18,0.86,0.66,0.89,435,1.03,1,0.00198,0.835,0.23,0.0556,10.0
2,0.76,0.7,0.55,947,1.0,0,0.0008,0.76,0.15,0.0,8.42
5,0.71,0.53,0.66,618,2.3,1,0.00115,0.3087,0.13,0.2,7.41
5,0.71,0.8,0.76,166,1.0,2,0.00428,0.71,0.04,0.4,9.24
6,0.58,0.54,0.64,679,1.52,1,0.00085,0.3816,0.1,0.1667,6.94
19,0.69,0.57,0.43,324,1.31,1,0.00213,0.5267,0.14,0.0526,9.17
8,0.54,0.66,0.84,264,2.23,0,0.00205,0.2422,0.18,0.0,8.35
16,0.8,0.78,0.61,138,1.11,3,0.0058,0.7207,0.17,0.1875,9.38
13,0.48,0.78,0.81,214,1.79,1,0.00224,0.2682,0.03,0.0769,9.17
1,0.79,0.65,0.51,842,1.0,0,0.00094,0.79,0.14,0.0,8.44
20,0.8,0.74,0.54,306,3.09,1,0.00261,0.2589,0.2,0.05,8.69
17,0.83,0.45,0.83,590,1.33,1,0.00141,0.6241,0.38,0.0588,9.82
7,0.71,0.56,0.75,917,1.51,1,0.00077,0.4702,0.19,0.1429,8.33
13,0.79,0.57,0.63,597,2.66,2,0.00132,0.297,0.06,0.1538,7.8
4,0.68,0.8,0.75,788,1.09,0,0.00086,0.6239,0.05,0.0,9.22
4,0.58,0.73,0.56,213,2.67,1,0.00272,0.2172,0.17,0.25,6.67
6,0.85,0.67,0.72,213,1.21,2,0.00399,0.7025,0.05,0.3333,8.47
19,0.69,0.68,0.72,745,1.97,1,0.00093,0.3503,0.04,0.0526,9.14
12,0.56,0.84,0.64,151,1.1,0,0.00371,0.5091,0.2,0.0,9.82
7,0.65,0.63,0.57,492,1.0,2,0.00132,0.65,0.06,0.2857,6.9
10,0.66,0.49,0.71,397,1.79,0,0.00166,0.3687,0.22,0.0,8.55
19,0.75,0.78,0.69,539,1.95,1,0.00139,0.3846,0.09,0.0526,9.6
7,0.93,0.67,0.63,752,1.0,1,0.00124,0.93,0.04,0.1429,8.76
3,0.75,0.76,0.54,190,1.29,2,0.00395,0.5814,0.22,0.6667,7.96
13,0.72,0.64,0.7,509,2.34,1,0.00141,0.3077,0.06,0.0769,8.68
13,0.95,0.55,0.63,869,1.92,1,0.00109,0.4948,0.08,0.0769,9.29
18,0.8,0.7,0.54,846,1.22,2,0.00095,0.6557,0.16,0.1111,8.42
20,0.73,0.65,0.71,332,1.08,0,0.0022,0.6759,0.06,0.0,10.0
8,0.65,0.67,0.94,988,2.86,1,0.00066,0.2273,0.27,0.125,7.51
9,0.73,0.84,0.64,647,1.0,1,0.00113,0.73,0.2,0.1111,9.52
7,0.69,0.52,0.92,236,1.46,1,0.00292,0.4726,0.4,0.1429,8.64
1,0.71,0.68,1.0,755,1.0,0,0.00094,0.71,0.32,0.0,8.57
3,0.83,0.55,0.56,890,2.42,2,0.00093,0.343,0.01,0.6667,7.35
13,0.65,0.34,0.7,702,1.5,0,0.00093,0.4333,0.36,0.0,8.39
17,0.75,0.64,1.0,934,1.62,4,0.0008,0.463,0.36,0.2353,7.98
1,0.79,0.65,0.68,108,3.44,0,0.00731,0.2297,0.03,0.0,7.59
6,0.63,0.72,0.71,626,1.08,2,0.00101,0.5833,0.01,0.3333,8.02
6,0.62,0.62,0.45,725,2.72,0,0.00086,0.2279,0.17,0.0,6.82
12,0.68,0.47,0.62,414,1.23,1,0.00164,0.5528,0.15,0.0833,8.47
13,0.65,0.55,0.78,771,1.34,1,0.00084,0.4851,0.23,0.0769,8.98
13,0.82,0.81,1.0,367,3.35,2,0.00223,0.2448,0.19,0.1538,8.44
15,0.6,0.55,0.67,927,1.39,1,0.00065,0.4317,0.12,0.0667,9.03
16,0.71,0.84,0.45,944,1.0,1,0.00075,0.71,0.39,0.0625,8.95
11,0.95,0.78,0.49,689,1.7,0,0.00138,0.5588,0.29,0.0,9.03
5,0.74,0.61,0.69,834,1.38,0,0.00089,0.5362,0.08,0.0,8.57
4,0.76,0.56,0.88,105,1.76,0,0.00724,0.4318,0.32,0.0,9.11
3,0.82,0.78,0.8,361,1.41,0,0.00227,0.5816,0.02,0.0,9.01
19,0.65,0.62,0.77,927,3.05,2,0.0007,0.2131,0.15,0.1053,8.67
20,0.59,0.46,0.9,971,1.89,1,0.00061,0.3122,0.44,0.05,8.98
18,0.72,0.72,0.59,467,1.0,1,0.00154,0.72,0.13,0.0556,9.71
15,0.73,0.7,0.7,248,1.59,0,0.00294,0.4591,0.0,0.0,9.53
9,0.54,0.79,0.62,881,1.0,0,0.00061,0.54,0.17,0.0,8.86
17,0.74,0.69,0.66,889,1.33,2,0.00083,0.5564,0.03,0.1176,9.61
14,0.81,0.58,0.55,188,1.0,0,0.00431,0.81,0.03,0.0,10.0
15,0.61,0.8,0.65,620,2.97,1,0.00098,0.2054,0.15,0.0667,8.33
1,0.74,0.81,0.7,596,1.02,3,0.00124,0.7255,0.11,3.0,8.42
3,0.79,0.68,0.64,325,1.98,1,0.00243,0.399,0.04,0.3333,7.48
16,0.76,0.66,0.68,177,1.27,1,0.00429,0.5984,0.02,0.0625,9.5
11,0.77,0.49,0.76,523,1.0,0,0.00147,0.77,0.27,0.0,9.18
12,0.68,0.58,0.89,203,1.64,1,0.00335,0.4146,0.31,0.0833,8.92
10,0.59,0.74,0.9,501,1.78,3,0.00118,0.3315,0.16,0.3,7.88
16,0.66,0.58,0.81,259,1.89,1,0.00255,0.3492,0.23,0.0625,9.19
8,0.64,0.48,0.51,216,1.0,2,0.00296,0.64,0.03,0.25,7.59
6,0.69,1.0,0.65,546,1.0,1,0.00126,0.69,0.35,0.1667,9.01
12,0.81,0.47,0.66,919,2.17,0,0.00088,0.3733,0.19,0.0,8.89
8,0.57,0.92,0.6,193,1.0,1,0.00295,0.57,0.32,0.125,7.86
4,0.71,0.61,0.75,971,1.64,1,0.00073,0.4329,0.14,0.25,8.85
8,0.59,0.64,0.46,207,1.0,0,0.00285,0.59,0.18,0.0,8.38
18,0.63,0.57,0.95,395,2.01,3,0.00159,0.3134,0.38,0.1667,7.65
5,0.76,0.74,0.88,130,2.15,1,0.00585,0.3535,0.14,0.2,8.34
9,0.58,0.48,0.77,292,2.01,0,0.00199,0.2886,0.29,0.0,8.0
4,0.77,0.43,0.69,393,2.22,0,0.00196,0.3468,0.26,0.0,7.6
17,0.56,0.84,0.88,870,2.59,1,0.00064,0.2162,0.04,0.0588,9.35
9,0.77,0.55,0.8,725,1.0,1,0.00106,0.77,0.25,0.1111,9.43
1,0.55,0.74,0.87,149,1.0,1,0.00369,0.55,0.13,1.0,8.3
20,0.64,0.52,0.69,393,2.13,0,0.00163,0.3005,0.17,0.0,9.35
13,0.89,0.74,0.97,258,2.29,3,0.00345,0.3886,0.23,0.2308,8.73
16,0.87,0.85,0.88,220,1.03,1,0.00395,0.8447,0.03,0.0625,10.0
13,0.66,0.59,0.78,597,1.0,0,0.00111,0.66,0.19,0.0,9.0
14,0.74,0.42,0.89,180,1.04,1,0.00411,0.7115,0.47,0.0714,9.37
3,0.82,0.85,0.64,360,1.0,1,0.00228,0.82,0.21,0.3333,8.93
6,0.77,0.76,0.52,783,1.0,2,0.00098,0.77,0.24,0.3333,8.76
18,0.67,0.59,0.75,634,1.0,1,0.00106,0.67,0.16,0.0556,9.45
19,0.63,0.62,0.69,495,1.29,1,0.00127,0.4884,0.07,0.0526,8.83
5,0.79,0.52,0.67,127,1.69,0,0.00622,0.4675,0.15,0.0,8.37
15,0.81,0.82,0.88,824,1.8,0,0.00098,0.45,0.06,0.0,10.0
2,0.87,0.59,0.73,981,1.14,0,0.00089,0.7632,0.14,0.0,9.47
10,0.53,0.48,0.74,518,1.16,1,0.00102,0.4569,0.26,0.1,7.71
18,0.57,0.68,0.65,573,1.59,0,0.00099,0.3585,0.03,0.0,9.87
13,0.82,0.55,0.83,457,1.0,1,0.00179,0.82,0.28,0.0769,10.0
5,0.54,0.53,0.81,679,2.17,2,0.0008,0.2488,0.28,0.4,6.78
1,0.82,0.6,0.83,345,2.4,2,0.00238,0.3417,0.23,2.0,6.7
1,0.68,0.66,0.63,620,1.06,1,0.0011,0.6415,0.03,1.0,7.9
18,0.65,0.48,0.9,199,1.22,2,0.00327,0.5328,0.42,0.1111,9.14
15,0.72,0.82,0.98,789,2.37,2,0.00091,0.3038,0.16,0.1333,9.23
17,0.57,0.73,0.83,615,1.41,1,0.00093,0.4043,0.1,0.0588,9.2
11,0.78,0.61,0.58,988,1.91,2,0.00079,0.4084,0.03,0.1818,8.82
17,0.87,0.54,0.58,840,1.44,0,0.00104,0.6042,0.04,0.0,9.41
13,0.79,0.64,0.64,649,2.59,1,0.00122,0.305,0.0,0.0769,7.75
1,0.68,0.76,0.62,787,1.84,0,0.00086,0.3696,0.14,0.0,8.26
2,0.55,0.74,0.69,953,1.88,1,0.00058,0.2926,0.05,0.5,6.5
9,0.55,0.78,0.79,669,1.9,1,0.00082,0.2895,0.01,0.1111,8.25
3,0.57,0.59,0.74,807,1.11,0,0.00071,0.5135,0.15,0.0,9.45
1,0.7,0.3,0.73,341,1.18,1,0.00205,0.5932,0.43,1.0,7.37
16,0.71,0.8,0.66,720,2.04,0,0.00099,0.348,0.14,0.0,8.94
6,0.79,0.63,0.69,983,1.59,0,0.0008,0.4969,0.06,0.0,8.7
17,0.52,0.73,0.82,875,1.0,1,0.00059,0.52,0.09,0.0588,9.61
5,0.83,0.85,0.4,995,2.81,0,0.00083,0.2954,0.45,0.0,7.66
5,0.77,0.94,0.7,637,2.18,0,0.00121,0.3532,0.24,0.0,8.81
6,0.67,0.57,0.74,805,1.53,3,0.00083,0.4379,0.17,0.5,7.07
3,0.58,0.67,0.82,516,1.31,1,0.00112,0.4427,0.15,0.3333,8.68
5,0.82,0.81,0.55,146,1.64,1,0.00562,0.5,0.26,0.2,8.4
5,0.67,0.55,0.54,138,1.86,2,0.00486,0.3602,0.01,0.4,7.52
10,0.7,0.58,0.79,264,1.0,0,0.00265,0.7,0.21,0.0,9.14
10,0.74,0.58,0.41,850,2.98,0,0.00087,0.2483,0.17,0.0,8.09
19,0.61,0.65,0.9,396,1.0,3,0.00154,0.61,0.25,0.1579,9.28
17,0.67,0.62,0.73,313,1.5,3,0.00214,0.4467,0.11,0.1765,8.82
14,0.79,0.58,0.93,363,1.52,1,0.00218,0.5197,0.35,0.0714,9.02
9,0.78,0.53,0.54,439,2.9,2,0.00178,0.269,0.01,0.2222,6.83
14,0.78,0.75,0.63,189,1.44,0,0.00413,0.5417,0.12,0.0,9.95
1,0.58,0.81,0.34,655,2.61,2,0.00089,0.2222,0.47,2.0,5.8
19,0.68,0.83,0.58,335,1.78,1,0.00203,0.382,0.25,0.0526,9.0
13,0.66,0.59,0.67,758,1.0,2,0.00087,0.66,0.08,0.1538,8.63
13,0.74,0.75,0.41,617,1.59,0,0.0012,0.4654,0.34,0.0,9.17
4,0.73,0.68,0.64,958,1.42,1,0.00076,0.5141,0.04,0.25,7.97
1,0.72,0.58,0.4,242,1.0,1,0.00298,0.72,0.18,1.0,7.63
17,0.95,0.74,0.66,327,1.75,3,0.00291,0.5429,0.08,0.1765,9.32
8,0.67,0.58,0.87,867,1.52,1,0.00077,0.4408,0.29,0.125,7.67
2,0.66,0.6,0.69,381,1.89,0,0.00173,0.3492,0.09,0.0,7.15
8,0.58,0.48,0.95,571,1.64,3,0.00102,0.3537,0.47,0.375,7.52
7,0.55,0.59,0.82,671,1.04,0,0.00082,0.5288,0.23,0.0,8.39
2,0.58,0.68,0.9,137,2.04,0,0.00423,0.2843,0.22,0.0,8.23
3,0.63,0.84,0.59,843,1.06,2,0.00075,0.5943,0.25,0.6667,8.29
18,0.83,0.61,0.58,398,1.0,1,0.00209,0.83,0.03,0.0556,10.0
12,0.7,0.53,0.75,733,1.59,0,0.00095,0.4403,0.22,0.0,9.67
1,0.72,0.83,0.46,615,1.11,0,0.00117,0.6486,0.37,0.0,8.18
12,0.69,0.59,0.77,568,1.77,1,0.00121,0.3898,0.18,0.0833,8.9
5,0.74,0.44,0.65,297,2.9,1,0.00249,0.2552,0.21,0.2,6.71
17,0.84,0.67,0.9,193,2.92,3,0.00435,0.2877,0.23,0.1765,9.45
16,0.5,0.61,0.8,251,1.38,1,0.00199,0.3623,0.19,0.0625,9.69
15,0.82,0.93,0.86,415,1.0,2,0.00198,0.82,0.07,0.1333,10.0
15,0.45,0.71,0.59,337,1.91,0,0.00134,0.2356,0.12,0.0,8.67
5,0.7,0.63,0.86,77,1.24,2,0.00909,0.5645,0.23,0.4,8.77
14,0.92,0.54,0.92,583,1.77,1,0.00158,0.5198,0.38,0.0714,9.37
2,0.77,0.69,0.69,239,1.04,0,0.00322,0.7404,0.0,0.0,8.62
11,0.74,0.82,0.59,182,1.68,1,0.00407,0.4405,0.23,0.0909,9.12
19,0.9,0.69,0.59,305,1.0,2,0.00295,0.9,0.1,0.1053,10.0
7,0.63,0.55,0.89,793,2.33,1,0.00079,0.2704,0.34,0.1429,7.74
6,0.74,0.71,1.0,432,1.09,1,0.00171,0.6789,0.29,0.1667,8.84
2,0.76,0.64,0.55,110,1.96,1,0.00691,0.3878,0.09,0.5,6.79
6,0.65,0.7,0.54,130,1.0,1,0.005,0.65,0.16,0.1667,8.48
18,0.66,0.61,0.84,539,2.05,0,0.00122,0.322,0.23,0.0,9.75
2,0.65,0.6,0.59,619,1.0,1,0.00105,0.65,0.01,0.5,7.91
18,0.71,0.6,0.85,78,1.68,1,0.0091,0.4226,0.25,0.0556,10.0
15,0.75,0.76,0.77,833,2.22,1,0.0009,0.3378,0.01,0.0667,8.87
19,0.71,0.61,0.7,143,1.36,1,0.00497,0.5221,0.09,0.0526,9.25
2,0.77,0.59,0.77,214,1.0,1,0.0036,0.77,0.18,0.5,8.46
20,0.5,0.54,0.76,624,1.85,2,0.0008,0.2703,0.22,0.1,8.48
6,0.68,0.7,0.67,678,1.0,1,0.001,0.68,0.03,0.1667,9.05
1,0.6,0.69,0.44,416,1.22,1,0.00144,0.4918,0.25,1.0,7.02
15,0.73,0.6,0.73,875,1.69,2,0.00083,0.432,0.13,0.1333,9.32
10,0.73,0.56,0.94,706,2.45,1,0.00103,0.298,0.38,0.1,8.98
19,0.69,0.88,0.46,502,1.52,1,0.00137,0.4539,0.42,0.0526,9.33
17,0.75,0.42,0.56,128,1.52,1,0.00586,0.4934,0.14,0.0588,9.42
5,0.8,0.71,0.76,582,2.02,0,0.00137,0.396,0.05,0.0,8.16
4,0.69,0.8,0.71,202,1.54,0,0.00342,0.4481,0.09,0.0,9.01
10,0.59,0.24,0.76,251,1.94,0,0.00235,0.3041,0.52,0.0,8.06
17,0.54,0.75,0.6,446,2.25,0,0.00121,0.24,0.15,0.0,9.13
10,0.7,0.62,0.87,437,1.27,3,0.0016,0.5512,0.25,0.3,8.38
17,0.72,0.68,0.71,640,1.0,0,0.00112,0.72,0.03,0.0,9.1
20,0.6,0.61,0.8,594,1.0,1,0.00101,0.6,0.19,0.05,9.62
5,0.77,0.78,0.75,752,2.35,2,0.00102,0.3277,0.03,0.4,7.55
2,0.65,0.69,0.73,352,1.48,1,0.00185,0.4392,0.04,0.5,7.53
6,0.53,0.67,0.79,68,1.26,1,0.00779,0.4206,0.12,0.1667,8.23
2,0.83,0.54,0.73,330,2.32,0,0.00252,0.3578,0.19,0.0,7.61
13,0.81,0.88,0.52,446,1.43,1,0.00182,0.5664,0.36,0.0769,8.91
11,0.5,0.65,0.86,152,1.0,1,0.00329,0.5,0.21,0.0909,8.42
11,0.64,0.92,0.82,588,1.0,1,0.00109,0.64,0.1,0.0909,9.36
16,0.64,0.88,0.38,213,1.79,0,0.003,0.3575,0.5,0.0,9.31
11,0.86,0.44,0.6,464,1.45,0,0.00185,0.5931,0.16,0.0,8.77
19,0.69,0.57,0.86,899,2.52,0,0.00077,0.2738,0.29,0.0,9.0
15,0.55,0.53,0.43,208,1.0,0,0.00264,0.55,0.1,0.0,8.74
16,0.79,0.64,0.84,948,1.28,1,0.00083,0.6172,0.2,0.0625,9.97
11,0.58,0.67,0.68,326,1.0,0,0.00178,0.58,0.01,0.0,9.43
16,0.67,0.68,0.9,481,1.14,0,0.00139,0.5877,0.22,0.0,8.86
8,0.62,0.78,0.7,899,1.0,2,0.00069,0.62,0.08,0.25,9.02
4,0.64,0.83,0.59,677,1.23,0,0.00095,0.5203,0.24,0.0,9.04
8,0.79,0.77,0.75,531,1.46,0,0.00149,0.5411,0.02,0.0,8.93
4,0.85,0.58,0.7,952,1.4,0,0.00089,0.6071,0.12,0.0,8.34
3,0.57,0.56,0.58,606,3.0,0,0.00094,0.19,0.02,0.0,6.61
3,0.76,0.65,1.0,690,2.78,1,0.0011,0.2734,0.35,0.3333,7.31
18,0.63,0.7,0.55,585,1.0,1,0.00108,0.63,0.15,0.0556,9.64
19,0.63,0.63,0.36,562,1.0,3,0.00112,0.63,0.27,0.1579,7.81
19,0.75,0.49,0.94,73,1.43,1,0.01027,0.5245,0.45,0.0526,9.23
5,0.6,0.73,0.61,837,1.76,1,0.00072,0.3409,0.12,0.2,8.35
18,0.75,0.6,0.66,711,1.0,2,0.00105,0.75,0.06,0.1111,9.28
10,0.77,0.6,0.65,865,1.0,1,0.00089,0.77,0.05,0.1,9.7
6,0.66,0.64,0.61,423,2.61,0,0.00156,0.2529,0.03,0.0,7.82
1,0.83,0.62,0.59,178,1.32,1,0.00466,0.6288,0.03,1.0,7.38
5,0.57,0.61,0.55,297,1.96,1,0.00192,0.2908,0.06,0.2,7.55
9,0.83,0.5,0.71,605,1.0,1,0.00137,0.83,0.21,0.1111,9.07
12,0.51,0.64,0.64,228,1.46,1,0.00224,0.3493,0.0,0.0833,8.21
14,0.97,0.73,0.81,581,1.26,2,0.00167,0.7698,0.08,0.1429,10.0
2,0.66,0.68,0.77,693,1.03,0,0.00095,0.6408,0.09,0.0,8.83
17,0.58,0.76,0.56,972,2.31,2,0.0006,0.2511,0.2,0.1176,8.45
14,0.68,0.56,0.72,716,1.0,2,0.00095,0.68,0.16,0.1429,9.5
13,0.6,0.5,0.64,794,1.71,0,0.00076,0.3509,0.14,0.0,8.71
9,0.74,0.62,0.55,942,1.25,0,0.00079,0.592,0.07,0.0,8.39
15,0.84,0.58,0.8,828,1.79,2,0.00101,0.4693,0.22,0.1333,8.81
15,0.6,0.59,0.68,839,1.26,1,0.00072,0.4762,0.09,0.0667,10.0
11,0.76,0.68,0.64,930,2.11,1,0.00082,0.3602,0.04,0.0909,8.8
16,0.55,0.59,0.57,575,1.0,0,0.00096,0.55,0.02,0.0,10.0
17,0.8,0.5,0.55,997,2.31,0,0.0008,0.3463,0.05,0.0,9.53
4,0.74,0.58,1.0,456,1.48,0,0.00162,0.5,0.42,0.0,8.75
1,0.81,0.69,0.75,925,1.0,0,0.00088,0.81,0.06,0.0,9.11
8,0.69,0.73,0.54,165,1.98,0,0.00418,0.3485,0.19,0.0,8.25
17,0.66,0.73,0.74,144,1.36,1,0.00458,0.4853,0.01,0.0588,8.93
3,0.78,0.7,0.86,273,1.0,1,0.00286,0.78,0.16,0.3333,8.94
20,0.57,0.63,0.73,180,1.73,0,0.00317,0.3295,0.1,0.0,10.0
15,0.53,0.7,0.91,191,2.2,0,0.00277,0.2409,0.21,0.0,8.7
15,0.7,0.64,0.47,909,2.4,0,0.00077,0.2917,0.17,0.0,8.66
14,0.66,0.66,0.4,256,1.24,1,0.00258,0.5323,0.26,0.0714,9.0
14,0.76,0.54,0.74,78,1.6,3,0.00974,0.475,0.2,0.2143,8.04
2,0.81,0.66,0.74,701,1.54,1,0.00116,0.526,0.08,0.5,8.04
13,0.75,0.7,0.2,71,2.54,1,0.01056,0.2953,0.5,0.0769,7.11
14,0.8,0.69,0.61,140,1.0,0,0.00571,0.8,0.08,0.0,9.71
19,0.73,0.5,0.55,389,1.17,1,0.00188,0.6239,0.05,0.0526,9.0
7,0.75,0.66,0.49,925,1.0,1,0.00081,0.75,0.17,0.1429,8.26
3,0.69,0.48,0.55,833,1.0,1,0.00083,0.69,0.07,0.3333,8.5
15,0.75,0.67,0.79,451,1.67,1,0.00166,0.4491,0.12,0.0667,8.98
14,0.72,0.57,0.55,696,2.62,1,0.00103,0.2748,0.02,0.0714,8.17
11,0.73,0.85,0.55,366,1.36,2,0.00199,0.5368,0.3,0.1818,8.43
15,0.68,0.66,0.46,326,1.0,2,0.00209,0.68,0.2,0.1333,9.34
13,0.78,0.75,0.89,506,1.63,1,0.00154,0.4785,0.14,0.0769,10.0
18,0.63,0.9,0.77,500,1.91,2,0.00126,0.3298,0.13,0.1111,9.54
6,0.7,0.55,0.33,954,1.39,0,0.00073,0.5036,0.22,0.0,8.02
3,0.83,0.7,0.55,711,2.48,1,0.00117,0.3347,0.15,0.3333,7.38
19,0.61,0.51,0.78,900,1.0,1,0.00068,0.61,0.27,0.0526,9.1
15,0.48,0.69,0.89,61,1.3,1,0.00787,0.3692,0.2,0.0667,9.83
5,0.74,0.86,0.83,579,1.71,2,0.00128,0.4327,0.03,0.4,8.08
10,0.67,0.57,0.65,821,1.78,1,0.00082,0.3764,0.08,0.1,8.5
7,0.8,0.54,0.41,710,1.53,0,0.00113,0.5229,0.13,0.0,8.72
17,0.69,0.64,0.83,695,1.0,0,0.00099,0.69,0.19,0.0,10.0
7,0.64,0.9,0.66,368,3.14,1,0.00174,0.2038,0.24,0.1429,7.88
12,0.69,0.74,0.71,799,1.33,0,0.00086,0.5188,0.03,0.0,9.79
17,0.81,0.54,0.67,581,1.58,1,0.00139,0.5127,0.13,0.0588,10.0
13,0.76,0.82,0.5,528,1.93,1,0.00144,0.3938,0.32,0.0769,8.47
20,0.46,0.45,0.75,271,1.05,0,0.0017,0.4381,0.3,0.0,8.85
4,0.72,0.91,0.73,171,1.54,1,0.00421,0.4675,0.18,0.25,8.29
10,0.72,0.75,0.64,67,1.03,3,0.01075,0.699,0.11,0.3,8.69
3,0.7,0.86,0.77,863,1.79,3,0.00081,0.3911,0.09,1.0,7.63
9,0.64,0.45,0.49,536,1.31,0,0.00119,0.4885,0.04,0.0,8.14
13,0.82,0.67,0.66,933,1.69,0,0.00088,0.4852,0.01,0.0,8.71
18,0.82,0.63,0.7,519,1.0,1,0.00158,0.82,0.07,0.0556,10.0
15,0.48,0.53,0.44,312,1.0,0,0.00154,0.48,0.09,0.0,9.53
4,0.62,0.49,0.69,585,1.0,1,0.00106,0.62,0.2,0.25,8.17
15,0.69,0.71,0.81,811,1.0,2,0.00085,0.69,0.1,0.1333,9.8
2,0.79,0.72,0.65,497,1.0,1,0.00159,0.79,0.07,0.5,8.85
15,0.7,0.81,0.69,813,1.29,3,0.00086,0.5426,0.12,0.2,9.13
8,0.63,0.59,0.78,913,1.13,1,0.00069,0.5575,0.19,0.125,8.95
8,0.77,0.63,0.64,720,1.61,1,0.00107,0.4783,0.01,0.125,8.67
17,0.68,0.48,0.66,295,1.53,2,0.00231,0.4444,0.18,0.1176,8.53
12,0.69,0.83,0.52,365,2.38,1,0.00189,0.2899,0.31,0.0833,7.84
19,0.7,0.66,0.7,537,3.32,0,0.0013,0.2108,0.04,0.0,8.73
10,0.76,0.74,0.65,738,2.3,1,0.00103,0.3304,0.09,0.1,8.49
9,0.67,0.74,0.77,79,1.18,0,0.00848,0.5678,0.03,0.0,9.22
5,0.77,0.83,0.78,275,1.15,1,0.0028,0.6696,0.05,0.2,9.21
6,0.69,0.55,0.82,914,2.11,0,0.00075,0.327,0.27,0.0,8.26
20,0.59,0.73,0.62,194,1.0,0,0.00304,0.59,0.11,0.0,10.0
2,0.7,0.65,0.37,964,1.28,0,0.00073,0.5469,0.28,0.0,8.27
13,0.6,0.9,0.81,188,1.33,3,0.00319,0.4511,0.09,0.2308,8.84
6,0.7,0.55,0.76,469,1.91,0,0.00149,0.3665,0.21,0.0,7.65
5,0.78,0.79,0.6,481,1.93,2,0.00162,0.4041,0.19,0.4,7.65
1,0.59,0.69,0.78,353,1.0,3,0.00167,0.59,0.09,3.0,7.52
6,0.74,0.69,0.48,305,1.21,0,0.00243,0.6116,0.21,0.0,7.86
6,0.62,0.66,0.85,760,1.81,0,0.00082,0.3425,0.19,0.0,8.92
16,0.72,0.81,0.65,615,1.0,1,0.00117,0.72,0.16,0.0625,9.97
4,0.79,0.68,0.58,145,2.34,1,0.00545,0.3376,0.1,0.25,7.76
11,0.49,0.47,0.61,615,1.93,1,0.0008,0.2539,0.14,0.0909,8.1
9,0.59,0.8,0.67,901,1.62,3,0.00065,0.3642,0.13,0.3333,7.54
3,0.66,0.77,0.7,434,1.77,0,0.00152,0.3729,0.07,0.0,8.43
19,0.73,0.72,0.71,505,1.17,0,0.00145,0.6239,0.01,0.0,10.0
8,0.68,0.51,0.64,437,1.06,0,0.00156,0.6415,0.13,0.0,8.72
5,0.7,0.53,0.73,449,1.2,0,0.00156,0.5833,0.2,0.0,8.23
4,0.9,0.42,0.7,716,1.85,0,0.00126,0.4865,0.28,0.0,8.84
6,0.58,0.71,0.6,110,1.64,2,0.00527,0.3537,0.11,0.3333,7.37
2,0.81,0.49,0.58,301,1.2,2,0.00269,0.675,0.09,1.0,7.99
20,0.67,0.44,0.79,353,2.02,2,0.0019,0.3317,0.35,0.1,7.88
11,0.75,0.8,0.78,979,1.38,1,0.00077,0.5435,0.02,0.0909,9.87
4,0.91,0.74,0.71,622,1.01,1,0.00146,0.901,0.03,0.25,9.71
15,0.77,0.61,0.84,325,1.68,2,0.00237,0.4583,0.23,0.1333,9.04
6,0.74,0.63,0.41,179,1.0,0,0.00413,0.74,0.22,0.0,8.51
17,0.86,0.36,0.62,771,1.0,2,0.00112,0.86,0.26,0.1176,9.48
6,0.81,0.76,0.53,976,1.5,1,0.00083,0.54,0.23,0.1667,9.31
19,0.62,0.57,1.0,307,1.04,3,0.00202,0.5962,0.43,0.1579,8.59
2,0.73,0.69,0.81,129,1.32,1,0.00566,0.553,0.12,0.5,8.63
15,0.53,0.35,0.69,912,1.0,1,0.00058,0.53,0.34,0.0667,8.18
11,0.65,0.77,0.82,116,2.35,0,0.0056,0.2766,0.05,0.0,8.79
8,0.73,0.56,0.87,441,1.04,2,0.00166,0.7019,0.31,0.25,8.56
19,0.64,0.48,0.87,98,1.2,1,0.00653,0.5333,0.39,0.0526,9.33
13,0.73,0.61,0.84,860,1.76,0,0.00085,0.4148,0.23,0.0,9.24
12,0.7,0.58,0.66,502,1.0,1,0.00139,0.7,0.08,0.0833,8.72
5,0.75,0.78,0.62,77,1.0,0,0.00974,0.75,0.16,0.0,9.52
6,0.66,0.6,0.56,791,1.77,1,0.00083,0.3729,0.04,0.1667,7.03
4,0.61,0.81,0.78,884,1.19,2,0.00069,0.5126,0.03,0.5,8.42
19,0.85,0.69,0.68,815,1.0,0,0.00104,0.85,0.01,0.0,10.0
20,0.65,0.76,0.64,411,1.92,1,0.00158,0.3385,0.12,0.05,8.87
1,0.77,0.65,0.63,875,1.0,0,0.00088,0.77,0.02,0.0,8.74
20,0.84,0.8,0.92,357,1.31,1,0.00235,0.6412,0.12,0.05,10.0
17,0.72,0.51,0.84,342,1.0,1,0.00211,0.72,0.33,0.0588,9.76
12,0.61,0.66,0.97,645,1.71,0,0.00095,0.3567,0.31,0.0,8.54
15,0.68,0.6,0.78,169,2.43,0,0.00402,0.2798,0.18,0.0,9.02
1,0.8,0.82,0.71,239,1.0,3,0.00335,0.8,0.11,3.0,7.8
14,0.72,0.83,0.7,997,1.58,0,0.00072,0.4557,0.13,0.0,9.45
6,0.58,0.65,0.55,603,2.1,0,0.00096,0.2762,0.1,0.0,7.79
5,0.76,0.5,0.51,805,1.2,1,0.00094,0.6333,0.01,0.2,7.83
11,0.78,0.7,0.78,853,1.0,1,0.00091,0.78,0.08,0.0909,9.63
4,0.66,0.45,0.56,84,1.79,1,0.00786,0.3687,0.11,0.25,6.66
13,0.76,0.85,0.73,902,2.2,1,0.00084,0.3455,0.12,0.0769,9.25
11,0.72,0.59,0.87,850,2.12,1,0.00085,0.3396,0.28,0.0909,9.18
3,0.68,0.65,0.6,797,1.76,1,0.00085,0.3864,0.05,0.3333,8.75
1,0.57,0.57,1.0,116,1.57,1,0.00491,0.3631,0.43,1.0,7.58
6,0.81,0.54,0.55,239,1.0,3,0.00339,0.81,0.01,0.5,8.41
18,0.78,0.74,0.85,291,2.11,1,0.00268,0.3697,0.11,0.0556,8.91
10,0.76,0.63,0.76,953,2.07,1,0.0008,0.3671,0.13,0.1,9.09
5,0.85,0.66,0.88,402,1.0,0,0.00211,0.85,0.22,0.0,9.87
10,0.79,0.53,0.53,536,1.76,0,0.00147,0.4489,0.0,0.0,8.46
12,0.77,0.75,1.0,858,1.96,0,0.0009,0.3929,0.25,0.0,10.0
2,0.48,0.76,0.67,635,2.12,0,0.00076,0.2264,0.09,0.0,7.27
13,0.82,0.62,0.8,514,1.45,3,0.0016,0.5655,0.18,0.2308,8.61
8,0.71,0.8,0.92,291,1.0,0,0.00244,0.71,0.12,0.0,9.99
2,0.73,0.64,0.61,348,1.15,2,0.0021,0.6348,0.03,1.0,7.42
20,0.73,0.74,0.82,272,1.0,2,0.00268,0.73,0.08,0.1,10.0
1,0.78,0.46,0.58,317,1.46,1,0.00246,0.5342,0.12,1.0,7.12
5,0.81,0.69,0.91,589,1.33,0,0.00138,0.609,0.22,0.0,8.79
9,0.76,0.62,0.59,746,3.0,1,0.00102,0.2533,0.03,0.1111,7.26
17,0.75,0.67,0.71,988,2.13,2,0.00076,0.3521,0.04,0.1176,9.17
9,0.72,0.66,0.75,288,2.18,0,0.0025,0.3303,0.09,0.0,8.33
11,0.36,0.67,0.82,285,1.83,2,0.00126,0.1967,0.15,0.1818,7.07
15,0.67,0.72,1.0,655,1.24,1,0.00102,0.5403,0.28,0.0667,9.52
6,0.61,0.58,0.63,862,1.31,2,0.00071,0.4656,0.05,0.3333,7.71
3,0.82,0.72,0.87,494,1.37,2,0.00166,0.5985,0.15,0.6667,7.96
17,0.76,0.8,1.0,941,1.63,0,0.00081,0.4663,0.2,0.0,9.9
5,0.65,0.48,0.72,817,1.77,1,0.0008,0.3672,0.24,0.2,8.41
12,0.66,0.56,0.62,461,1.5,0,0.00143,0.44,0.06,0.0,8.51
18,0.66,0.56,0.44,681,1.3,1,0.00097,0.5077,0.12,0.0556,8.87
14,0.66,0.52,0.98,825,1.08,1,0.0008,0.6111,0.46,0.0714,9.2
11,0.56,0.59,0.66,147,1.0,1,0.00381,0.56,0.07,0.0909,8.53
9,0.53,0.77,0.55,643,2.4,0,0.00082,0.2208,0.22,0.0,8.03
2,0.7,0.82,0.5,952,3.04,0,0.00074,0.2303,0.32,0.0,7.43
12,0.81,0.66,0.55,601,2.34,2,0.00135,0.3462,0.11,0.1667,7.95
3,0.65,0.61,0.84,743,1.0,3,0.00087,0.65,0.23,1.0,7.26
3,0.73,0.75,0.86,368,2.05,1,0.00198,0.3561,0.11,0.3333,8.58
1,0.77,0.37,0.8,965,2.22,2,0.0008,0.3468,0.43,2.0,6.67
8,0.6,0.52,0.72,402,1.22,0,0.00149,0.4918,0.2,0.0,9.22
8,0.7,0.37,0.51,495,1.84,0,0.00141,0.3804,0.14,0.0,6.92
11,0.63,0.52,0.59,236,1.18,2,0.00267,0.5339,0.07,0.1818,8.3
9,0.86,0.56,0.53,198,2.57,1,0.00434,0.3346,0.03,0.1111,8.69
5,0.86,0.83,0.79,253,1.76,0,0.0034,0.4886,0.04,0.0,9.0
14,0.6,0.32,0.54,245,1.0,1,0.00245,0.6,0.22,0.0714,8.35
3,0.74,0.6,0.59,277,1.97,0,0.00267,0.3756,0.01,0.0,7.99
5,0.81,0.72,0.67,223,2.24,2,0.00363,0.3616,0.05,0.4,7.52
5,0.78,0.7,0.45,220,1.64,2,0.00355,0.4756,0.25,0.4,7.47
19,0.71,0.83,0.71,584,1.84,1,0.00122,0.3859,0.12,0.0526,9.51
14,0.83,0.67,0.68,867,1.45,1,0.00096,0.5724,0.01,0.0714,9.26
4,0.61,0.69,0.88,660,1.0,1,0.00092,0.61,0.19,0.25,9.04
13,0.67,0.43,0.58,895,1.39,1,0.00075,0.482,0.15,0.0769,8.64
10,0.61,0.53,0.51,101,1.87,1,0.00604,0.3262,0.02,0.1,7.89
18,0.78,0.44,0.64,974,1.41,0,0.0008,0.5532,0.2,0.0,9.92
8,0.64,0.72,0.54,269,2.06,1,0.00238,0.3107,0.18,0.125,7.67
8,0.68,0.69,0.71,800,1.23,0,0.00085,0.5528,0.02,0.0,8.77
7,0.76,0.69,0.42,921,1.27,2,0.00083,0.5984,0.27,0.2857,7.73
8,0.77,0.54,0.61,334,2.08,0,0.00231,0.3702,0.07,0.0,8.28
14,0.61,0.53,0.56,338,1.66,1,0.0018,0.3675,0.03,0.0714,7.98
19,0.81,0.68,0.79,310,1.21,0,0.00261,0.6694,0.11,0.0,10.0
6,0.75,0.57,0.58,369,2.22,1,0.00203,0.3378,0.01,0.1667,7.47
1,0.59,0.53,0.44,779,1.02,0,0.00076,0.5784,0.09,0.0,8.48
15,0.57,0.59,0.67,892,1.0,0,0.00064,0.57,0.08,0.0,8.33
1,0.7,0.57,0.75,199,1.0,0,0.00352,0.7,0.18,0.0,8.36
17,0.79,0.55,0.66,851,1.11,0,0.00093,0.7117,0.11,0.0,10.0
1,0.79,0.5,0.61,605,2.42,1,0.00131,0.3264,0.11,1.0,7.08
15,0.74,0.7,0.6,880,1.0,0,0.00084,0.74,0.1,0.0,10.0
2,0.7,0.84,0.72,963,1.0,0,0.00073,0.7,0.12,0.0,8.97
14,0.75,0.65,0.57,589,1.81,2,0.00127,0.4144,0.08,0.1429,8.24
8,0.61,0.68,0.65,116,1.0,1,0.00526,0.61,0.03,0.125,7.79
8,0.87,0.71,0.81,171,1.14,0,0.00509,0.7632,0.1,0.0,9.88
19,0.87,0.69,0.5,64,2.3,0,0.01359,0.3783,0.19,0.0,9.15
7,0.74,0.55,0.69,469,2.93,1,0.00158,0.2526,0.14,0.1429,7.07
19,0.72,0.86,0.43,473,1.7,1,0.00152,0.4235,0.43,0.0526,9.01
6,0.66,0.56,0.73,241,1.0,1,0.00274,0.66,0.17,0.1667,9.18
6,0.75,0.73,0.55,72,1.0,0,0.01042,0.75,0.18,0.0,9.97
3,0.63,0.71,0.85,398,1.6,2,0.00158,0.3938,0.14,0.6667,7.82
7,0.48,0.41,0.48,856,1.7,1,0.00056,0.2824,0.07,0.1429,6.84
19,0.43,0.61,0.77,318,2.8,0,0.00135,0.1536,0.16,0.0,7.99
8,0.62,0.66,0.88,149,2.18,0,0.00416,0.2844,0.22,0.0,8.54
10,0.72,0.67,0.55,675,1.56,0,0.00107,0.4615,0.12,0.0,9.5
20,0.73,0.69,0.57,950,1.27,0,0.00077,0.5748,0.12,0.0,10.0
15,0.65,0.74,0.56,757,3.61,0,0.00086,0.1801,0.18,0.0,7.03
15,0.71,0.65,0.63,309,1.94,1,0.0023,0.366,0.02,0.0667,9.12
1,0.67,0.69,0.78,314,1.03,1,0.00213,0.6505,0.09,1.0,8.69
20,0.6,0.64,0.61,647,1.34,1,0.00093,0.4478,0.03,0.05,8.81
7,0.69,0.53,0.53,957,1.0,0,0.00072,0.69,0.0,0.0,8.79
4,0.78,0.65,0.4,167,1.0,0,0.00467,0.78,0.25,0.0,8.69
6,0.6,0.74,0.94,727,1.72,2,0.00083,0.3488,0.2,0.3333,7.99
1,0.6,0.78,0.95,653,2.75,0,0.00092,0.2182,0.17,0.0,7.28
5,0.59,0.71,0.78,648,1.0,1,0.00091,0.59,0.07,0.2,8.95
1,0.51,0.81,0.58,544,1.54,1,0.00094,0.3312,0.23,1.0,7.1
4,0.65,0.7,0.81,317,1.01,0,0.00205,0.6436,0.11,0.0,8.31
2,0.77,0.75,0.84,698,1.87,1,0.0011,0.4118,0.09,0.5,7.35
10,0.72,0.76,0.66,962,1.38,0,0.00075,0.5217,0.1,0.0,9.74
5,0.68,0.62,0.71,341,1.0,1,0.00199,0.68,0.09,0.2,8.79
10,0.71,0.74,0.88,147,1.0,1,0.00483,0.71,0.14,0.1,9.57
1,0.65,0.54,0.45,263,1.0,2,0.00247,0.65,0.09,2.0,7.07
6,0.51,0.69,0.85,75,2.44,1,0.0068,0.209,0.16,0.1667,7.27
13,0.78,0.72,0.65,210,2.41,2,0.00371,0.3237,0.07,0.1538,7.9
15,0.81,0.78,0.53,995,1.28,1,0.00081,0.6328,0.25,0.0667,9.33
4,0.63,0.75,0.55,313,2.36,1,0.00201,0.2669,0.2,0.25,6.38
13,0.68,0.78,0.57,247,1.38,5,0.00275,0.4928,0.21,0.3846,7.47
20,0.68,0.64,0.52,388,1.27,1,0.00175,0.5354,0.12,0.05,9.4
15,0.74,0.61,0.97,603,1.54,1,0.00123,0.4805,0.36,0.0667,9.69
8,0.87,0.62,0.77,842,1.7,3,0.00103,0.5118,0.15,0.375,8.18
5,0.82,0.68,0.86,456,1.11,0,0.0018,0.7387,0.18,0.0,9.7
15,0.66,0.43,0.78,576,1.52,1,0.00115,0.4342,0.35,0.0667,9.25
4,0.75,0.81,0.71,518,2.05,1,0.00145,0.3659,0.1,0.25,8.51
12,0.83,0.66,0.71,389,1.59,1,0.00213,0.522,0.05,0.0833,9.4
13,0.74,0.6,0.64,879,1.53,2,0.00084,0.4837,0.04,0.1538,8.64
2,0.7,0.35,0.65,904,1.85,0,0.00077,0.3784,0.3,0.0,6.91
19,0.74,0.65,0.49,228,1.97,0,0.00325,0.3756,0.16,0.0,9.61
19,0.63,0.63,0.86,752,1.46,1,0.00084,0.4315,0.23,0.0526,10.0
4,0.64,0.54,0.43,425,1.17,2,0.00151,0.547,0.11,0.5,7.46
4,0.59,0.57,0.54,237,1.63,1,0.00249,0.362,0.03,0.25,8.17
11,0.73,0.65,1.0,714,1.0,0,0.00102,0.73,0.35,0.0,9.3
5,0.69,0.58,0.72,421,1.35,2,0.00164,0.5111,0.14,0.4,7.42
20,0.62,0.72,0.73,819,1.0,2,0.00076,0.62,0.01,0.1,10.0
11,0.68,0.56,0.8,698,1.0,0,0.00097,0.68,0.24,0.0,9.51
10,0.75,0.67,0.47,834,1.0,0,0.0009,0.75,0.2,0.0,9.72
8,0.89,0.79,0.49,99,2.23,2,0.00899,0.3991,0.3,0.25,7.92
6,0.8,0.65,0.63,983,1.51,0,0.00081,0.5298,0.02,0.0,8.43
6,0.47,0.69,0.56,475,1.0,0,0.00099,0.47,0.13,0.0,8.13
8,0.72,0.69,0.69,414,1.84,3,0.00174,0.3913,0.0,0.375,7.19
15,0.84,0.65,0.77,314,2.19,0,0.00268,0.3836,0.12,0.0,9.0
14,0.57,0.64,0.91,202,1.86,2,0.00282,0.3065,0.27,0.1429,8.81
11,0.76,0.58,0.82,811,1.37,1,0.00094,0.5547,0.24,0.0909,9.38
12,0.68,0.67,0.55,799,1.66,0,0.00085,0.4096,0.12,0.0,8.96
13,0.82,0.62,0.64,912,2.13,0,0.0009,0.385,0.02,0.0,8.37
8,0.74,0.84,0.6,769,1.17,0,0.00096,0.6325,0.24,0.0,9.07
18,0.61,0.75,0.55,636,1.52,0,0.00096,0.4013,0.2,0.0,8.92
1,0.68,0.48,0.51,959,1.32,1,0.00071,0.5152,0.03,1.0,7.85
15,0.69,0.48,0.95,70,1.0,1,0.00986,0.69,0.47,0.0667,9.26
8,0.69,0.63,0.7,679,2.14,0,0.00102,0.3224,0.07,0.0,7.89
11,0.81,0.6,0.67,85,2.94,1,0.00953,0.2755,0.07,0.0909,8.05
12,0.62,0.63,0.77,480,1.0,0,0.00129,0.62,0.14,0.0,9.2
12,0.8,0.73,0.78,722,2.17,3,0.00111,0.3687,0.05,0.25,8.94
4,0.67,0.69,0.87,280,1.0,0,0.00239,0.67,0.18,0.0,8.71
16,0.72,0.69,0.59,912,1.59,1,0.00079,0.4528,0.1,0.0625,8.61
4,0.71,0.82,0.76,555,2.56,1,0.00128,0.2773,0.06,0.25,6.93
5,0.7,0.48,0.56,296,1.14,1,0.00236,0.614,0.08,0.2,8.02
5,0.7,0.66,0.67,296,1.49,2,0.00236,0.4698,0.01,0.4,7.7
8,0.85,0.58,0.71,278,1.0,3,0.00306,0.85,0.13,0.375,8.07
10,0.78,0.82,0.72,546,1.04,1,0.00143,0.75,0.1,0.1,10.0
17,0.66,0.38,0.72,995,1.0,2,0.00066,0.66,0.34,0.1176,9.16
9,0.86,0.39,0.82,520,1.8,2,0.00165,0.4778,0.43,0.2222,8.05
19,0.73,0.69,0.61,722,2.08,0,0.00101,0.351,0.08,0.0,10.0
14,0.74,0.79,0.73,694,1.34,2,0.00107,0.5522,0.06,0.1429,9.56
8,0.62,0.74,0.59,203,1.7,1,0.00305,0.3647,0.15,0.125,7.76
9,0.65,0.55,1.0,248,1.27,1,0.00262,0.5118,0.45,0.1111,8.31
11,0.63,0.83,0.56,314,2.02,1,0.00201,0.3119,0.27,0.0909,8.55
1,0.71,0.5,0.59,127,1.59,2,0.00559,0.4465,0.09,2.0,7.22
14,0.76,0.81,0.83,675,1.0,0,0.00113,0.76,0.02,0.0,10.0
5,0.74,0.52,0.64,395,2.16,0,0.00187,0.3426,0.12,0.0,7.5
14,0.86,0.61,0.83,730,1.23,1,0.00118,0.6992,0.22,0.0714,10.0
4,0.61,0.73,0.72,880,1.0,0,0.00069,0.61,0.01,0.0,8.47
1,0.71,0.47,0.64,933,1.19,1,0.00076,0.5966,0.17,1.0,7.62
19,0.57,0.83,0.59,468,1.0,0,0.00122,0.57,0.24,0.0,10.0
8,0.61,0.61,0.58,359,1.0,1,0.0017,0.61,0.03,0.125,8.21
15,0.83,0.67,0.64,967,1.6,1,0.00086,0.5187,0.03,0.0667,8.79
15,0.65,0.79,0.67,661,1.66,2,0.00098,0.3916,0.12,0.1333,8.38
9,0.62,0.55,0.58,416,1.71,0,0.00149,0.3626,0.03,0.0,8.65
9,0.49,0.78,0.68,315,1.5,1,0.00156,0.3267,0.1,0.1111,8.32
10,0.62,0.85,0.54,412,1.01,2,0.0015,0.6139,0.31,0.2,8.47
20,0.68,0.57,0.81,791,1.46,0,0.00086,0.4658,0.24,0.0,9.73
9,0.56,0.81,0.84,580,1.19,0,0.00097,0.4706,0.03,0.0,9.45
3,0.67,0.44,0.59,583,1.0,1,0.00115,0.67,0.15,0.3333,7.49
20,0.83,0.7,0.59,896,1.0,1,0.00093,0.83,0.11,0.05,10.0
11,0.63,0.5,0.73,815,2.12,2,0.00077,0.2972,0.23,0.1818,7.35
6,0.61,0.76,0.89,753,2.61,2,0.00081,0.2337,0.13,0.3333,7.14
2,0.59,0.75,0.92,343,1.96,1,0.00172,0.301,0.17,0.5,7.49
